Symbol,Short Name,YIELD,FULL,NET,estimated_clean_price_SHCH,estimated_yield_SHCH,estimated_dirty_price_SHCH,Dated Date,Remaining Maturity,Initial Face Value,Latest Bond Rating,Maturity Date,Coupon Type,Interest Accrual Method,Coupon Description,Coupon Frequency,COUPON_DATE,"Bond Term (Year)
[Unit] Yearly",Maturities (Text),Interest Reference,Coupon Date Description,"Bond Term (Year)
[Unit] Yearly","Issue Amount
[Unit] (100M)"
092100009.IB,BHN 3.6% B240917,3.7129,101.0383,99.7068,100.6426,3.3386,101.984,9/17/2021,2.6192,100,AA+,9/17/2024,Fixed Interest Rate,Simple interest,3.60%,1,9月17日,3,3,A/365,The interest payment will be postponed on September 17 every year,3,5
1320015.IB,BANK OF NINGBO 5.13% B230418,2.6611,106.933,102.8993,102.9477,2.616,106.9954,4/18/2013,1.2027,100,AAA,4/18/2023,Fixed Interest Rate,Simple interest,5.13%,1,4月18日,10,10,ACT/ACT,"Pay interest on April 18 every year, and postpone holidays",10,30
1720012.IB,NJCB 4.60% B220427,2.2294,104.0471,100.5435,100.5281,2.2672,104.0442,4/27/2017,0.2274,100,AAA,4/27/2022,Fixed Interest Rate,Simple interest,4.60%,1,4月27日,5,5,A/365F,"April 27, April 27, payment, holiday",5,10
1720017.IB,BOB 4.50% B220419,0.9623,104.2828,100.7568,100.4354,2.3686,103.9737,4/19/2017,0.2055,100,AAA,4/19/2022,Fixed Interest Rate,Simple interest,4.50%,1,4月19日,5,5,ACT/ACT,"April 19, April 19, payment, holiday",5,30
1720018.IB,BANK OF GANSU 5.00% B220419,2.2377,104.4939,100.5761,100.4436,2.8018,104.3751,4/19/2017,0.2055,100,AAA,4/19/2022,Fixed Interest Rate,Simple interest,5.00%,1,4月19日,5,5,ACT/ACT,"April 19, April 19, payment, holiday",5,10
1720022.IB,HARBIN BANK 4.75% B220510,4.5918,103.4486,100,100.4365,3.023,103.8981,5/10/2017,0.263,100,AAA,5/10/2022,Fixed Interest Rate,Simple interest,4.75%,1,5月10日,5,5,A/365F,"Pay interest on May 10 every year, and postpone holidays",5,10
1720032.IB,LESHAN CITY COMMERCIAL BANK 5.60% B220605,5.4021,103.6668,100,100.6515,3.5441,104.3337,6/5/2017,0.3342,100,AA,6/5/2022,Fixed Interest Rate,Simple interest,5.60%,1,6月5日,5,5,ACT/ACT,The interest payment will be postponed on the 5th of June every year,5,2
1720048.IB,CHONGQING THREE CORGES BANK 5.15% B220728,2.3055,103.9744,101.35,101.1791,2.6317,103.8176,7/28/2017,0.4795,100,AA+,7/28/2022,Fixed Interest Rate,Simple interest,5.15%,1,7月28日,5,5,A/365F,"Pay interest on July 28 every year, and holidays are postponed",5,10
1720050.IB,LESHAN CITY COMMERCIAL BANK 5.49% B220811,7.7682,101.3279,98.7408,100.9198,3.6142,103.5219,8/11/2017,0.5178,100,AA,8/11/2022,Fixed Interest Rate,Simple interest,5.49%,1,8月11日,5,5,ACT/ACT,"Pay interest on August 11 every year, and postpone holidays",5,5
1720052.IB,BANK OF JIANGSU 4.50% B220728,0.9902,103.995,101.7018,101.0718,2.227,103.3773,7/28/2017,0.4795,100,AAA,7/28/2022,Fixed Interest Rate,Simple interest,4.50%,1,7月28日,5,5,ACT/ACT,"Pay interest on July 28 every year, and holidays are postponed",5,40
1720054.IB,BANK OF GUIYANG 4.96% B220811,3.0129,103.3141,100.9768,101.2838,2.4311,103.6347,8/11/2017,0.5178,100,AAA,8/11/2022,Fixed Interest Rate,Simple interest,4.96%,1,8月11日,5,5,ACT/ACT,"Pay interest on August 11 every year, and postpone holidays",5,5
1721004.IB,ZHUHAI RURAL COMMERCIAL BANK 4.99% B220309,-7.0383,105.765,101.2945,100.2439,2.4677,104.728,3/9/2017,0.0932,100,AA,3/9/2022,Fixed Interest Rate,Simple interest,4.99%,1,3月9日,5,5,ACT/ACT,"Pay interest on March 9 every year, and holidays are postponed",5,5
1721051.IB,ZHUHAI RURAL COMMERCIAL BANK 5.2% B220919,1.6354,104.1177,102.2229,101.5267,2.6951,103.4357,9/19/2017,0.6247,100,AA,9/19/2022,Fixed Interest Rate,Simple interest,5.20%,1,9月19日,5,5,ACT/ACT,"Interest is paid on September 19 each year, holidays are postponed",5,5
1726001.IB,NANYANG COMMERCIAL BANK (CHINA) 5.03% B220314,1.815,104.8059,100.3685,100.3082,2.2445,104.7594,3/14/2017,0.1068,100,AAA,3/14/2022,Fixed Interest Rate,Simple interest,5.03%,1,3月14日,5,5,A/365F,"Pay interest on March 14 every year, and holidays are postponed",5,25
1820013.IB,BANK OF JIANGSU 5.0% B230402,2.558,106.9214,102.7707,102.8869,2.4533,107.0513,4/2/2018,1.1589,100,AAA,4/2/2023,Fixed Interest Rate,Simple interest,5.00%,1,4月2日,5,5,ACT/ACT,"Pay interest on April 2 every year, and postpone holidays",5,50
1820039.IB,NJCB 4.50% B230730,2.7651,104.7616,102.4931,102.8583,2.5159,105.1391,7/30/2018,1.4849,100,AAA,7/30/2023,Fixed Interest Rate,Simple interest,4.50%,1,7月30日,5,5,ACT/ACT,The interest payment holiday is postponed on July 30 every year,5,20
1820069.IB,NJBK 4.22% B231112,2.6577,103.5908,102.6774,102.8091,2.5804,103.734,11/12/2018,1.7726,100,AAA,11/12/2023,Fixed Interest Rate,Simple interest,4.22%,1,11月12日,5,5,ACT/ACT,"Pay interest on November 12 every year, and holidays are postponed",5,30
1820092.IB,CHONGQING THREE GORGES BANK 4.35% B231227,3.3525,102.2125,101.8073,102.1297,3.1764,102.5469,12/27/2018,1.8959,100,AA+,12/27/2023,Fixed Interest Rate,Simple interest,4.35%,1,12月27日,5,5,A/365F,"Pay interest on December 27 every year, and holidays are postponed",5,10
1821030.IB,HEBEI XINGTAI RURAL COMMERCIAL BANK 5.60% B230815,5.5738,102.5775,100,102.8056,3.6722,105.3985,8/15/2018,1.5288,100,A+,8/15/2023,Fixed Interest Rate,Simple interest,5.60%,1,8月15日,5,5,A/365F,"Pay interest on August 15 each year, and postpone holidays",5,2.5
1826006.IB,NANYANG COMMERCIAL BANK CHINA 4.40% B231018,2.8445,103.8094,102.5557,102.7229,2.7431,103.9886,10/18/2018,1.7041,100,AAA,10/18/2023,Fixed Interest Rate,Simple interest,4.40%,1,10月18日,5,5,A/365F,"Pay interest on October 18 each year, and holidays are postponed",5,5
1826007.IB,NANYANG COMMERCIAL BANK CHINA 4.35% B231115,2.8427,103.493,102.5872,102.7314,2.7586,103.6491,11/15/2018,1.7808,100,AAA,11/15/2023,Fixed Interest Rate,Simple interest,4.35%,1,11月15日,5,5,A/365F,"Pay interest on November 15 every year, and holidays are postponed",5,20
1920006.IB,NJBK 3.42% B220222,2.3204,103.269,100.0645,100.0812,2.0059,103.2951,2/22/2019,0.0521,100,AAA,2/22/2022,Fixed Interest Rate,Simple interest,3.42%,1,2月22日,3,3,ACT/ACT,The interest payment holiday will be postponed on February 22 every year,3,70
1920007.IB,NJBK 3.75% B240222,2.8057,105.3781,101.8644,102.1987,2.6381,105.7227,2/22/2019,2.0521,100,AAA,2/22/2024,Fixed Interest Rate,Simple interest,3.75%,1,2月22日,5,5,ACT/ACT,The interest payment holiday will be postponed on February 22 every year,5,30
1920008.IB,FUJIAN HAIXIA BANK 3.54% B220225,2.3536,103.3667,100.0789,100.068,2.4649,103.3655,2/25/2019,0.0603,100,AA+,2/25/2022,Fixed Interest Rate,Simple interest,3.54%,1,2月25日,3,3,A/365F,"Pay interest on February 25 every year, and postpone holidays",3,15
1920009.IB,BANK OF RIZHAO 3.70% B220228,1.8573,103.5472,100.1412,100.0919,2.4166,103.5081,2/28/2019,0.0685,100,AA+,2/28/2022,Fixed Interest Rate,Simple interest,3.70%,1,2月28日,3,3,ACT/ACT,"Pay interest on February 28 every year, and postpone holidays",3,30
1920010.IB,BANK OF LIUZHOU 3.75% B220306,1.7186,103.5793,100.1889,100.061,2.9912,103.4617,3/6/2019,0.0849,100,AA+,3/6/2022,Fixed Interest Rate,Simple interest,3.75%,1,3月6日,3,3,ACT/ACT,"Interest is paid on March 6 every year, holidays are postponed",3,10
1920011.IB,HUARONG XIANGJIANG BANK 3.60% B220307,2.5568,103.3394,100.0945,99.9953,3.5342,103.2501,3/7/2019,0.0877,100,AAA,3/7/2022,Fixed Interest Rate,Simple interest,3.60%,1,3月7日,3,3,ACT/ACT,"Interest is paid on March 7 every year, holidays are postponed",3,35
1920012.IB,BANK OF SHANGRAO 3.70% B220307,2.0495,103.4908,100.1557,100.0879,2.6906,103.4331,3/7/2019,0.0877,100,AA+,3/7/2022,Fixed Interest Rate,Simple interest,3.70%,1,3月7日,3,3,ACT/ACT,"Interest is paid on March 7 every year, holidays are postponed",3,15
1920013.IB,HUISHANG BANK 3.52% B220308,2.2053,103.2891,100.1259,100.1111,2.3176,103.2839,3/8/2019,0.0904,100,AAA,3/8/2022,Fixed Interest Rate,Simple interest,3.52%,1,3月8日,3,3,ACT/ACT,The interest payment will be postponed on March 8 every year,3,90
1920014.IB,HUISHANG BANK 3.80% B240308,2.9113,105.1963,101.7815,101.9284,2.8382,105.3536,3/8/2019,2.0904,100,AAA,3/8/2024,Fixed Interest Rate,Simple interest,3.80%,1,3月8日,5,5,ACT/ACT,The interest payment will be postponed on March 8 every year,5,10
1920016.IB,ZHEJIANG MINTAI COMMERCIAL BANK 3.80% B220305,1.2104,103.6831,100.2371,100.0929,2.6773,103.5494,3/5/2019,0.0822,100,AA+,3/5/2022,Fixed Interest Rate,Simple interest,3.80%,1,3月5日,3,3,ACT/ACT,"Pay interest on March 5 every year, and postpone holidays",3,15
1920018.IB,BANK OF HUZHOU 3.75% B220326,2.7129,103.3276,100.1427,100.1505,2.6443,103.3457,3/26/2019,0.1397,100,AA,3/26/2022,Fixed Interest Rate,Simple interest,3.75%,1,3月26日,3,3,ACT/ACT,"March 26, March 26, payment, holiday",3,5
1920021.IB,BANK OF LANZHOU 3.58% B220404,2.438,103.1391,100.1868,100.2547,2.0385,103.2168,4/4/2019,0.1644,100,AAA,4/4/2022,Fixed Interest Rate,Simple interest,3.58%,1,4月4日,3,3,A/365F,The interest payment will be postponed on April 4 every year,3,20
1920022.IB,BANK OF JILIN 3.7% B220404,2.9014,103.1751,100.1239,100.0759,3.1613,103.1372,4/4/2019,0.1644,100,AAA,4/4/2022,Fixed Interest Rate,Simple interest,3.70%,1,4月4日,3,3,A/365F,The interest payment will be postponed on April 4 every year,3,20
1920023.IB,BANK OF LIUZHOU 3.99% B220412,2.5004,103.4796,100.2767,100.1533,3.0977,103.3672,4/12/2019,0.1863,100,AA+,4/12/2022,Fixed Interest Rate,Simple interest,3.99%,1,4月12日,3,3,ACT/ACT,"Pay interest on April 12 every year, and postpone holidays",3,10
1920025.IB,BANK OF GUANGZHOU 3.65% B220416,2.1409,103.19,100.3,100.2664,2.2814,103.1664,4/16/2019,0.1973,100,AAA,4/16/2022,Fixed Interest Rate,Simple interest,3.65%,1,4月16日,3,3,A/365F,"April 16, 16, payment, holiday",3,50
1920026.IB,BANK OF QINGHAI 3.77% B220412,5.5786,102.6405,99.6142,100.1765,2.7734,103.2132,4/12/2019,0.1863,100,AA+,4/12/2022,Fixed Interest Rate,Simple interest,3.77%,1,4月12日,3,3,A/365F,"Pay interest on April 12 every year, and postpone holidays",3,15
1920028.IB,LESHAN CITY COMMERCIAL BANK 4.15% B220423,2.8084,103.4891,100.2828,100.1218,3.4911,103.3395,4/23/2019,0.2164,100,AA,4/23/2022,Fixed Interest Rate,Simple interest,4.15%,1,4月23日,3,3,A/365F,The interest payment holiday will be postponed on April 23 every year,3,25
1920029.IB,BANK OF JIANGSU 3.60% B220422,2.3319,103.0601,100.2689,100.3014,2.1743,103.1025,4/22/2019,0.2137,100,AAA,4/22/2022,Fixed Interest Rate,Simple interest,3.60%,1,4月22日,3,3,ACT/ACT,"Interest is paid on April 22 every year, holidays are postponed",3,100
1920030.IB,HUARONG XIANGJIANG BANK 3.70% B220425,2.6671,103.0599,100.2215,99.9373,3.8646,102.7858,4/25/2019,0.2219,100,AAA,4/25/2022,Fixed Interest Rate,Simple interest,3.70%,1,4月25日,3,3,ACT/ACT,The interest payment will be postponed on April 25 every year,3,30
1920031.IB,BANK OF XI'AN 3.85% B220424,1.8505,103.4096,100.4456,100.3167,2.3791,103.2912,4/24/2019,0.2192,100,AAA,4/24/2022,Fixed Interest Rate,Simple interest,3.85%,1,4月24日,3,3,ACT/ACT,"Pay interest on April 24 every year, and postpone holidays",3,20
1920033.IB,ZHEJIANG TAILONG COMMERCIAL BANK 3.88% B220429,2.4281,103.2686,100.3347,100.3146,2.4939,103.2591,4/29/2019,0.2329,100,AAA,4/29/2022,Fixed Interest Rate,Simple interest,3.88%,1,4月29日,3,3,A/365F,The annual interest payment holiday is extended on April 29th,3,30
1920035.IB,XIAMEN BANK 3.69% B220520,2.2945,102.9779,100.4,100.3491,2.449,102.9372,5/20/2019,0.2904,100,AAA,5/20/2022,Fixed Interest Rate,Simple interest,3.69%,1,5月20日,3,3,A/365F,"Interest payment on May 20 every year, holidays will be postponed",3,30
1920036.IB,BANK OF QINGDAO 3.65% B220522,2.3667,102.9027,100.3727,100.355,2.4127,102.895,5/22/2019,0.2959,100,AAA,5/22/2022,Fixed Interest Rate,Simple interest,3.65%,1,5月22日,3,3,ACT/ACT,"Pay interest on May 22 every year, and holidays are postponed",3,30
1920037.IB,BANK OF QINGDAO 3.98% B240522,3.7781,103.1812,100.4225,102.4967,2.8399,105.2663,5/22/2019,2.2959,100,AAA,5/22/2024,Fixed Interest Rate,Simple interest,3.98%,1,5月22日,5,5,ACT/ACT,"Pay interest on May 22 every year, and holidays are postponed",5,10
1920038.IB,ZHEJIANG TAILONG COMMERCIAL BANK 3.70% B220524,2.4507,102.9123,100.3679,100.3428,2.5198,102.8973,5/24/2019,0.3014,100,AAA,5/24/2022,Fixed Interest Rate,Simple interest,3.70%,1,5月24日,3,3,A/365F,"Pay interest on May 24 every year, and postpone holidays",3,20
1920041.IB,BANK OF QINGDAO 3.70% B220531,2.3538,102.8971,100.4237,100.3982,2.419,102.8818,5/31/2019,0.3205,100,AAA,5/31/2022,Fixed Interest Rate,Simple interest,3.70%,1,5月31日,3,3,ACT/ACT,"Pay interest on May 31 every year, and holidays are postponed",3,30
1920042.IB,BANK OF QINGDAO 3.98% B240531,2.9526,104.9301,102.2695,102.5136,2.8437,105.1851,5/31/2019,2.3205,100,AAA,5/31/2024,Fixed Interest Rate,Simple interest,3.98%,1,5月31日,5,5,ACT/ACT,"Pay interest on May 31 every year, and holidays are postponed",5,10
1920043.IB,BANK OF ZHENGZHOU 3.70% B220605,2.5111,102.8088,100.3861,100.5023,2.1695,102.9352,6/5/2019,0.3342,100,AAA,6/5/2022,Fixed Interest Rate,Simple interest,3.70%,1,6月5日,3,3,ACT/ACT,The interest payment will be postponed on the 5th of June every year,3,20
1920044.IB,BANK OF JIAXING 4.23% B220617,2.5366,103.2399,100.6092,100.4904,2.8345,103.1327,6/17/2019,0.3671,100,AA,6/17/2022,Fixed Interest Rate,Simple interest,4.23%,1,6月17日,3,3,A/365F,"Pay interest on June 17 each year, and holidays are postponed",3,10
1920045.IB,HZBANK 3.60% B220705,2.3627,102.5643,100.5029,100.4915,2.3816,102.5627,7/5/2019,0.4164,100,AAA,7/5/2022,Fixed Interest Rate,Simple interest,3.60%,1,7月5日,3,3,A/365F,"Pay interest on July 5 every year, and holidays are postponed",3,100
1920047.IB,BANK OF NINGBO 3.46% B220812,2.5186,102.0933,100.4723,100.5633,2.3433,102.1937,8/12/2019,0.5205,100,AAA,8/12/2022,Fixed Interest Rate,Simple interest,3.46%,1,8月12日,3,3,ACT/ACT,The interest payment holiday will be postponed on August 12 every year,3,60
1920050.IB,CHINA RESOURCES BANK OF ZHUHAI 3.66% B220828,2.6837,102.0838,100.5296,100.6637,2.4464,102.228,8/28/2019,0.5644,100,AAA,8/28/2022,Fixed Interest Rate,Simple interest,3.66%,1,8月28日,3,3,A/365F,The interest payment holiday will be postponed on August 28 every year,3,30
1920052.IB,ZHEJIANG MINTAI COMMERCIAL BANK 4.3% B220829,2.7782,102.6514,100.8372,100.7416,2.9356,102.5676,8/29/2019,0.5671,100,AA+,8/29/2022,Fixed Interest Rate,Simple interest,4.30%,1,8月29日,3,3,ACT/ACT,"Pay interest on August 29 every year, and postpone holidays",3,8
1920053.IB,XIAMEN BANK 3.69% B220909,2.3735,102.2144,100.7687,100.6518,2.5596,102.1075,9/9/2019,0.5973,100,AAA,9/9/2022,Fixed Interest Rate,Simple interest,3.69%,1,9月9日,3,3,A/365F,"Pay interest on September 9 each year, and holidays are postponed",3,15
1920054.IB,BANK OF GUIYANG 3.55% B220912,2.5807,101.9285,100.5669,100.6363,2.4636,102.0077,9/12/2019,0.6055,100,AAA,9/12/2022,Fixed Interest Rate,Simple interest,3.55%,1,9月12日,3,3,ACT/ACT,"Pay interest on September 12 every year, and holidays are postponed",3,30
1920056.IB,CHINA RESOURCES BANK OF ZHUHAI 3.55% B220920,2.7377,101.7714,100.4876,100.6615,2.4612,101.955,9/20/2019,0.6274,100,AAA,9/20/2022,Fixed Interest Rate,Simple interest,3.55%,1,9月20日,3,3,A/365F,"Pay interest on September 20 each year, and postpone holidays",3,5
1920057.IB,QLB 3.59% B220920,2.6199,101.886,100.5877,100.6974,2.4437,102.0056,9/20/2019,0.6274,100,AAA,9/20/2022,Fixed Interest Rate,Simple interest,3.59%,1,9月20日,3,3,A/365F,"Pay interest on September 20 each year, and postpone holidays",3,30
1920060.IB,GUANGXI BEIBU GULF BANK 4.0% B221015,2.85,101.9463,100.7737,100.7948,2.8155,101.9784,10/15/2019,0.6959,100,AAA,10/15/2022,Fixed Interest Rate,Simple interest,4.00%,1,10月15日,3,3,ACT/ACT,The interest payment holiday will be postponed on October 15 every year,3,20
1920061.IB,BANK OF NINGBO 3.46% B221016,2.6428,101.5555,100.5507,100.7836,2.3099,101.7979,10/16/2019,0.6986,100,AAA,10/16/2022,Fixed Interest Rate,Simple interest,3.46%,1,10月16日,3,3,ACT/ACT,The interest payment holiday will be postponed on October 16 every year,3,60
1920062.IB,BANK OF NINGBO 3.80% B241016,2.7058,103.9154,102.8118,102.8085,2.7059,103.9225,10/16/2019,2.6986,100,AAA,10/16/2024,Fixed Interest Rate,Simple interest,3.80%,1,10月16日,5,5,ACT/ACT,The interest payment holiday will be postponed on October 16 every year,5,10
1920063.IB,NCBANK 3.70% B221022,2.7377,101.679,100.6653,100.5586,2.8821,101.5824,10/22/2019,0.7151,100,AA+,10/22/2022,Fixed Interest Rate,Simple interest,3.70%,1,10月22日,3,3,ACT/ACT,The interest payment will be postponed on October 22 every year,3,15
1920064.IB,LESHAN CITY COMMERCIAL BANK 4.30% B221025,3.1515,101.9411,100.7984,100.7099,3.2686,101.8644,10/25/2019,0.7233,100,AA,10/25/2022,Fixed Interest Rate,Simple interest,4.30%,1,10月25日,3,3,ACT/ACT,"Pay interest on October 25 each year, and holidays are postponed",3,10
1920067.IB,XIAMEN BANK 3.80% B221111,2.5021,101.8109,100.978,100.8852,2.6171,101.7285,11/11/2019,0.7699,100,AAA,11/11/2022,Fixed Interest Rate,Simple interest,3.80%,1,11月11日,3,3,A/365F,The interest payment on November 11 of each year will be postponed,3,15
1920068.IB,BANK OF CHANGSHA 3.64% B221111,2.537,101.6268,100.829,100.8,2.5705,101.6078,11/11/2019,0.7699,100,AAA,11/11/2022,Fixed Interest Rate,Simple interest,3.64%,1,11月11日,3,3,ACT/ACT,The interest payment on November 11 of each year will be postponed,3,35
1920069.IB,CHINESE MERCANTILE BANK 3.85% B221113,2.5458,101.812,100.9893,100.8511,2.718,101.6844,11/13/2019,0.7753,100,AAA,11/13/2022,Fixed Interest Rate,Simple interest,3.85%,1,11月13日,3,3,ACT/ACT,"Pay interest on November 13 every year, and holidays are postponed",3,40
1920072.IB,NCBANK 3.80% B221126,2.5894,101.6369,100.9602,100.7037,2.9006,101.3908,11/26/2019,0.811,100,AA+,11/26/2022,Fixed Interest Rate,Simple interest,3.80%,1,11月26日,3,3,ACT/ACT,The interest payment will be postponed on November 26 every year,3,10
1920075.IB,GUANGXI BEIBU GULF BANK 4.0% B221129,3.0694,101.4159,100.7364,100.9603,2.7933,101.6507,11/29/2019,0.8192,100,AAA,11/29/2022,Fixed Interest Rate,Simple interest,4.00%,1,11月29日,3,3,ACT/ACT,"Pay interest on November 29 every year, and holidays are postponed",3,10
1920077.IB,BANK OF XI'AN 3.56% B221128,2.6792,101.3141,100.6996,100.7381,2.6292,101.3623,11/28/2019,0.8164,100,AAA,11/28/2022,Fixed Interest Rate,Simple interest,3.56%,1,11月28日,3,3,ACT/ACT,"November 28th, payment, holiday",3,20
1920080.IB,BANK OF QINGDAO 3.45% B221205,2.5784,101.2401,100.7108,100.6475,2.6512,101.1863,12/5/2019,0.8356,100,AAA,12/5/2022,Fixed Interest Rate,Simple interest,3.45%,1,12月5日,3,3,ACT/ACT,The interest payment will be postponed on December 5 every year,3,30
1920081.IB,BANK OF QINGDAO 3.84% B241205,3.071,102.6476,102.0584,102.3604,2.9596,102.9601,12/5/2019,2.8356,100,AAA,12/5/2024,Fixed Interest Rate,Simple interest,3.84%,1,12月5日,5,5,ACT/ACT,The interest payment will be postponed on December 5 every year,5,10
1920083.IB,BANK OF CHENGDU 3.45% B221216,2.6769,101.0778,100.6525,100.7169,2.5998,101.1517,12/16/2019,0.8658,100,AAA,12/16/2022,Fixed Interest Rate,Simple interest,3.45%,1,12月16日,3,3,A/365F,"Pay interest on December 16 each year, and holidays are postponed",3,5
1920084.IB,CHINESE MERCANTILE BANK 3.80% B221212,2.7338,101.4001,100.89,100.8827,2.7388,101.4032,12/12/2019,0.8548,100,AAA,12/12/2022,Fixed Interest Rate,Simple interest,3.80%,1,12月12日,3,3,ACT/ACT,"Pay interest on December 12 every year, and holidays are postponed",3,30
1920086.IB,BANK OF QINGDAO 3.42% B221216,2.5498,101.1587,100.7371,100.6412,2.6578,101.0722,12/16/2019,0.8658,100,AAA,12/16/2022,Fixed Interest Rate,Simple interest,3.42%,1,12月16日,3,3,ACT/ACT,"Pay interest on December 16 each year, and holidays are postponed",3,30
1920087.IB,BANK OF QINGDAO 3.80% B241216,2.9117,102.8803,102.4118,102.268,2.9629,102.7469,12/16/2019,2.8658,100,AAA,12/16/2024,Fixed Interest Rate,Simple interest,3.80%,1,12月16日,5,5,ACT/ACT,"Pay interest on December 16 each year, and holidays are postponed",5,10
1920089.IB,FUJIAN HAIXIA BANK 3.90% B221220,2.7701,101.4065,100.9684,101.0059,2.7237,101.4546,12/20/2019,0.8767,100,AA+,12/20/2022,Fixed Interest Rate,Simple interest,3.90%,1,12月20日,3,3,A/365F,"Pay interest on December 20 every year, and postpone holidays",3,20
1920090.IB,BANK OF TIANJIN 3.88% B221227,2.7776,101.3277,100.9663,100.9758,2.7634,101.3479,12/27/2019,0.8959,100,AAA,12/27/2022,Fixed Interest Rate,Simple interest,3.88%,1,12月27日,3,3,ACT/ACT,"Pay interest on December 27 every year, and holidays are postponed",3,50
1921003.IB,TIANTAI RC BANK 5.0% B220301,-2.9822,105.258,100.669,100.128,3.2355,104.7308,3/1/2019,0.0712,100,AA-,3/1/2022,Fixed Interest Rate,Simple interest,5.00%,1,3月1日,3,3,ACT/ACT,"Interest is paid on March 1 each year, and holidays are postponed",3,1
1921005.IB,QRCB 3.64% B220313,2.1031,103.3898,100.1686,100.1495,2.234,103.3806,3/13/2019,0.1041,100,AAA,3/13/2022,Fixed Interest Rate,Simple interest,3.64%,1,3月13日,3,3,ACT/ACT,"Pay interest on March 13 every year, and postpone holidays",3,5
1921007.IB,YINZHOU BANK 3.67% B220325,1.7558,103.4014,100.2744,100.1886,2.295,103.3257,3/25/2019,0.137,100,AA+,3/25/2022,Fixed Interest Rate,Simple interest,3.67%,1,3月25日,3,3,ACT/ACT,"Pay interest on March 25 every year, and postpone holidays",3,5
1921008.IB,NANHAI RURAL COMMERCIAL BANK 3.62% B220321,2.389,103.282,100.1579,100.1693,2.2837,103.3033,3/21/2019,0.126,100,AAA,3/21/2022,Fixed Interest Rate,Simple interest,3.62%,1,3月21日,3,3,ACT/ACT,"Pay interest on March 21 every year, and holidays are postponed",3,6
1921010.IB,DONGYANG RURAL COMMERCIAL BANK 3.85% B220322,2.2856,103.5194,100.2073,100.1844,2.4193,103.507,3/22/2019,0.1288,100,AA,3/22/2022,Fixed Interest Rate,Simple interest,3.85%,1,3月22日,3,3,ACT/ACT,"Interest is paid on March 22 every year, holidays are postponed",3,1
1921012.IB,URCB 3.62% B220328,2.0794,103.2846,100.2299,100.1736,2.4105,103.2382,3/28/2019,0.1452,100,AAA,3/28/2022,Fixed Interest Rate,Simple interest,3.62%,1,3月28日,3,3,ACT/ACT,"Pay interest on March 28 every year, and postpone holidays",3,15
1921014.IB,SIHUI RURAL COMMERCIAL BANK 4.30% B220329,4.15,103.6167,100,100.1108,3.4612,103.7393,3/29/2019,0.1479,100,A+,3/29/2022,Fixed Interest Rate,Simple interest,4.30%,1,3月29日,3,3,ACT/ACT,"Pay interest on March 29 every year, and holidays are postponed",3,2
1921018.IB,URCB 3.78% B220429,3.6516,102.8641,100.0058,100.2983,2.4647,103.1669,4/29/2019,0.2329,100,AAA,4/29/2022,Fixed Interest Rate,Simple interest,3.78%,1,4月29日,3,3,ACT/ACT,The annual interest payment holiday is extended on April 29th,3,7
1921019.IB,URCB 4.19% B240429,3.0894,105.5075,102.3392,102.7811,2.8856,105.9609,4/29/2019,2.2329,100,AAA,4/29/2024,Fixed Interest Rate,Simple interest,4.19%,1,4月29日,5,5,ACT/ACT,The annual interest payment holiday is extended on April 29th,5,8
1921020.IB,YIWU RURAL COMMERCIAL BANK 3.85% B220426,2.674,103.1998,100.2569,100.3584,2.2371,103.3118,4/26/2019,0.2247,100,AA,4/26/2022,Fixed Interest Rate,Simple interest,3.85%,1,4月26日,3,3,ACT/ACT,The interest payment will be postponed on April 26 every year,3,8
1921023.IB,CANGNAN RURAL COMMERCIAL BANK 3.89% B220712,-1.3951,104.5413,102.3885,100.5134,2.6621,102.6769,7/12/2019,0.4356,100,AA,7/12/2022,Fixed Interest Rate,Simple interest,3.89%,1,7月12日,3,3,ACT/ACT,"Interest shall be paid on July 12 every year, and holidays shall be postponed accordingly",3,7
1921026.IB,URCB 3.59% B220816,2.5742,102.1634,100.5209,100.554,2.5083,102.2064,8/16/2019,0.5315,100,AAA,8/16/2022,Fixed Interest Rate,Simple interest,3.59%,1,8月16日,3,3,ACT/ACT,"Pay interest on August 16 each year, and holidays are postponed",3,3
1921029.IB,CHANGSHU BANK 3.55% B220829,3.2136,101.6614,100.1636,100.5335,2.5703,102.041,8/29/2019,0.5671,100,AA+,8/29/2022,Fixed Interest Rate,Simple interest,3.55%,1,8月29日,3,3,ACT/ACT,"Pay interest on August 29 every year, and postpone holidays",3,10
1921034.IB,SHUNDE RURAL COMMERCIAL BANK 3.45% B221008,2.282,101.8517,100.7742,100.7264,2.3469,101.8134,10/8/2019,0.6767,100,AAA,10/8/2022,Fixed Interest Rate,Simple interest,3.45%,1,10月8日,3,3,ACT/ACT,"October 8th annual interest payments, extended holidays",3,10
1921035.IB,CANGNAN RURAL COMMERCIAL BANK 3.79% B221024,4.1688,100.7186,99.701,100.7222,2.7509,101.7501,10/24/2019,0.7205,100,AA,10/24/2022,Fixed Interest Rate,Simple interest,3.79%,1,10月24日,3,3,ACT/ACT,"Interest is paid on October 24 every year, holidays are postponed",3,8
1921039.IB,JINGJIANG RURAL COMMERCIAL BANK 4.2000% B221119,4.6147,100.4779,99.6494,100.6067,3.3925,101.4467,11/19/2019,0.7918,100,AA-,11/19/2022,Fixed Interest Rate,Simple interest,4.20%,1,11月19日,3,3,ACT/ACT,"Pay interest on November 19 every year, and holidays are postponed",3,3
1921042.IB,URCB 3.59% B221209,2.757,101.1975,100.686,100.8019,2.6172,101.3232,12/9/2019,0.8466,100,AAA,12/9/2022,Fixed Interest Rate,Simple interest,3.59%,1,12月9日,3,3,ACT/ACT,The interest payment will be postponed on December 9 every year,3,3
1921044.IB,XINGTAI RURAL COMMERCIAL BANK 4.6% B241205,4.5949,100.7058,100,103.1216,3.4255,103.8399,12/5/2019,2.8356,100,A+,12/5/2024,Fixed Interest Rate,Simple interest,4.60%,1,12月5日,5,5,A/365F,The interest payment will be postponed on December 5 every year,5,2.5
1921045.IB,YINGQUAN RURAL COMMERCIAL BANK 4.60% B221210,4.2747,100.8899,100.2472,100.917,3.476,101.5723,12/10/2019,0.8493,100,AA-,12/10/2022,Fixed Interest Rate,Simple interest,4.60%,1,12月10日,3,3,ACT/ACT,The interest payment will be postponed on December 10 every year,3,2
1921046.IB,CHANGSHA RURAL COMMERCIAL BANK 3.70% B221212,2.9008,101.1595,100.6628,100.958,2.5526,101.4648,12/12/2019,0.8548,100,AA+,12/12/2022,Fixed Interest Rate,Simple interest,3.70%,1,12月12日,3,3,ACT/ACT,"Pay interest on December 12 every year, and holidays are postponed",3,35
1921047.IB,QRCB 3.50% B221219,2.4954,101.2638,100.8611,100.8292,2.5287,101.2415,12/19/2019,0.874,100,AAA,12/19/2022,Fixed Interest Rate,Simple interest,3.50%,1,12月19日,3,3,ACT/ACT,"Pay interest on December 19 each year, and holidays are postponed",3,30
1921050.IB,YINZHOU BANK 3.62% B221224,2.8034,101.0737,100.7067,100.9331,2.5451,101.31,12/24/2019,0.8877,100,AA+,12/24/2022,Fixed Interest Rate,Simple interest,3.62%,1,12月24日,3,3,ACT/ACT,"Pay interest on December 24 every year, and postpone holidays",3,25
1921051.IB,CHANGXING RC BANK 3.69% B221227,2.3305,101.544,101.2003,100.9118,2.648,101.2656,12/27/2019,0.8959,100,AA,12/27/2022,Fixed Interest Rate,Simple interest,3.69%,1,12月27日,3,3,ACT/ACT,"Pay interest on December 27 every year, and holidays are postponed",3,3
1926001.IB,BEA (CHINA) 3.65% B220311,2.2655,103.3933,100.1433,100.152,2.1544,103.412,3/11/2019,0.0986,100,AAA,3/11/2022,Fixed Interest Rate,Simple interest,3.65%,1,3月11日,3,3,A/365F,"Interest payments on March 11 each year, holidays will be postponed",3,25
1926004.IB,HSBC BANK(CHINA) 3.74% B220618,2.4991,102.762,100.4463,100.4648,2.4426,102.7907,6/18/2019,0.3699,100,AAA,6/18/2022,Fixed Interest Rate,Simple interest,3.74%,1,6月18日,3,3,ACT/ACT,"Pay interest on June 18 each year, and holidays are postponed",3,40
1926005.IB,HSBC BANK(CHINA) 3.52% B220912,2.6928,101.8297,100.4796,100.5817,2.5232,101.9414,9/12/2019,0.6055,100,AAA,9/12/2022,Fixed Interest Rate,Simple interest,3.52%,1,9月12日,3,3,ACT/ACT,"Pay interest on September 12 every year, and holidays are postponed",3,40
1928005.IB,SPD BANK 3.50% B220327,2.4158,103.1178,100.1548,100.1953,2.1364,103.1679,3/27/2019,0.1425,100,AAA,3/27/2022,Fixed Interest Rate,Simple interest,3.50%,1,3月27日,3,3,ACT/ACT,"Pay interest on March 27 every year, and holidays are postponed",3,500
1928015.IB,CMB 3.45% B220709,2.853,102.1722,100.2345,100.4827,2.2865,102.4298,7/9/2019,0.4274,100,AAA,7/9/2022,Fixed Interest Rate,Simple interest,3.45%,1,7月9日,3,3,ACT/ACT,"Pay interest on July 9 every year, and holidays are postponed",3,300
1928017.IB,INDUSTRIAL BANK 3.55% B220718,2.3869,102.4181,100.5118,100.5775,2.2395,102.4935,7/18/2019,0.4521,100,AAA,7/18/2022,Fixed Interest Rate,Simple interest,3.55%,1,7月18日,3,3,A/365F,"Pay interest on July 18 every year, and holidays are postponed",3,200
1928027.IB,CZBANK 3.42% B220918,2.5146,101.7999,100.5443,100.5954,2.4299,101.8603,9/18/2019,0.6219,100,AAA,9/18/2022,Fixed Interest Rate,Simple interest,3.42%,1,9月18日,3,3,ACT/ACT,"Pay interest on September 18 each year, and holidays are postponed",3,50
1928030.IB,CMB 3.33% B220926,2.4024,101.7297,100.5802,100.6159,2.3438,101.7746,9/26/2019,0.6438,100,AAA,9/26/2022,Fixed Interest Rate,Simple interest,3.33%,1,9月26日,3,3,ACT/ACT,The interest payment holiday will be postponed on September 26 every year,3,200
1928034.IB,BANKCOMM 3.35% B221127,2.3889,101.3533,100.7659,100.8908,2.233,101.4873,11/27/2019,0.8137,100,AAA,11/27/2022,Fixed Interest Rate,Simple interest,3.35%,1,11月27日,3,3,ACT/ACT,The interest payment holiday will be postponed on November 27 every year,3,500
1928037.IB,BANKCOMM 3.35% B221213,2.424,101.2191,100.7786,100.9347,2.2394,101.3844,12/13/2019,0.8575,100,AAA,12/13/2022,Fixed Interest Rate,Simple interest,3.35%,1,12月13日,3,3,ACT/ACT,"Pay interest on December 13 each year, and postpone holidays",3,400
2020003.IB,BANK OF TIANJIN 3.73% B230122,2.8272,100.9388,100.857,100.8555,2.8261,100.9475,1/22/2020,0.9671,100,AAA,1/22/2023,Fixed Interest Rate,Simple interest,3.73%,1,1月22日,3,3,ACT/ACT,"Pay interest on January 22 every year, and holidays are postponed",3,50
2020004.IB,BANK OF CHANGSHA 3.06% B230227,2.6322,103.2708,100.4455,100.5495,2.5324,103.3832,2/27/2020,1.0658,100,AAA,2/27/2023,Fixed Interest Rate,Simple interest,3.06%,1,2月27日,3,3,ACT/ACT,"Pay interest on February 27 every year, and postpone holidays",3,15
2020005.IB,BANK OF NINGBO 2.92% B230306,2.8302,102.732,100.092,100.4082,2.5338,103.0562,3/6/2020,1.0849,100,AAA,3/6/2023,Fixed Interest Rate,Simple interest,2.92%,1,3月6日,3,3,ACT/ACT,"Interest is paid on March 6 every year, holidays are postponed",3,55
2020006.IB,BANK OF NINGBO 3.10% B250306,3.0556,102.928,100.1253,101.2091,2.6862,104.0203,3/6/2020,3.0849,100,AAA,3/6/2025,Fixed Interest Rate,Simple interest,3.10%,1,3月6日,5,5,ACT/ACT,"Interest is paid on March 6 every year, holidays are postponed",5,15
2020007.IB,BOB 2.85% B230316,2.5182,102.8578,100.3592,100.59,2.3074,103.0965,3/16/2020,1.1123,100,AAA,3/16/2023,Fixed Interest Rate,Simple interest,2.85%,1,3月16日,3,3,ACT/ACT,"Interest is paid on March 16 every year, holidays are postponed",3,300
2020008.IB,BOB 3.10% B250316,2.7678,103.6942,100.9764,101.6443,2.5438,104.3706,3/16/2020,3.1123,100,AAA,3/16/2025,Fixed Interest Rate,Simple interest,3.10%,1,3月16日,5,5,ACT/ACT,"Interest is paid on March 16 every year, holidays are postponed",5,100
2020010.IB,BANK OF SUZHOU 2.92% B230313,2.7872,102.7237,100.1397,100.6317,2.335,103.2237,3/13/2020,1.1041,100,AAA,3/13/2023,Fixed Interest Rate,Simple interest,2.92%,1,3月13日,3,3,ACT/ACT,"Pay interest on March 13 every year, and postpone holidays",3,15
2020011.IB,BANK OF QINGHAI 3.80% B230318,4.5286,102.5166,99.2059,99.9496,3.8392,103.2707,3/18/2020,1.1178,100,AA+,3/18/2023,Fixed Interest Rate,Simple interest,3.80%,1,3月18日,3,3,A/365F,"Pay interest on March 18 every year, and postpone holidays",3,30
2020014.IB,GUANGXI BEIBU GULF BANK 3.80% B230326,3.0633,104.0407,100.8133,100.5613,3.2867,103.7992,3/26/2020,1.1397,100,AAA,3/26/2023,Fixed Interest Rate,Simple interest,3.80%,1,3月26日,3,3,ACT/ACT,"March 26, March 26, payment, holiday",3,15
2020015.IB,BANK OF LIUZHOU 3.80% B230331,3.5568,103.4388,100.2635,100.7122,3.1588,103.8979,3/31/2020,1.1534,100,AA+,3/31/2023,Fixed Interest Rate,Simple interest,3.80%,1,3月31日,3,3,ACT/ACT,"Interest is paid on March 31 each year, holidays are postponed",3,10
2020017.IB,CHINA RESOURCES BANK OF ZHUHAI 2.80% B230410,2.7275,102.341,100.078,100.0082,2.7878,102.2789,4/10/2020,1.1808,100,AAA,4/10/2023,Fixed Interest Rate,Simple interest,2.80%,1,4月10日,3,3,A/365F,"Pay interest on April 10 every year, and postpone holidays",3,30
2020018.IB,BANK OF NINGBO 2.40% B230413,2.5277,101.7661,99.8461,99.9526,2.4367,101.8792,4/13/2020,1.189,100,AAA,4/13/2023,Fixed Interest Rate,Simple interest,2.40%,1,4月13日,3,3,ACT/ACT,"Pay interest on April 13 every year, and postpone holidays",3,50
2020019.IB,JINSHANG BANK 3.00% B230417,2.9802,102.383,100.0159,99.9436,3.0419,102.319,4/17/2020,1.2,100,AAA,4/17/2023,Fixed Interest Rate,Simple interest,3.00%,1,4月17日,3,3,ACT/ACT,The interest payment holiday is postponed on April 17 every year,3,40
2020024.IB,BANK OF GANZHOU 3.00% B230424,3.0014,102.3001,99.9905,99.7552,3.1995,102.073,4/24/2020,1.2192,100,AA+,4/24/2023,Fixed Interest Rate,Simple interest,3.00%,1,4月24日,3,3,ACT/ACT,"Pay interest on April 24 every year, and postpone holidays",3,15
2020025.IB,HUISHANG BANK 2.30% B230427,2.5174,101.4848,99.733,99.5533,2.6677,101.3114,4/27/2020,1.2274,100,AAA,4/27/2023,Fixed Interest Rate,Simple interest,2.30%,1,4月27日,3,3,ACT/ACT,"April 27, April 27, payment, holiday",3,100
2020026.IB,CHANG'AN BANK 2.95% B230429,2.9095,102.2717,100.041,100.4662,2.558,102.7049,4/29/2020,1.2329,100,AA+,4/29/2023,Fixed Interest Rate,Simple interest,2.95%,1,4月29日,3,3,A/365F,The annual interest payment holiday is extended on April 29th,3,30
2020027.IB,LESHAN CITY COMMERCIAL BANK 3.75% B230430,3.7393,102.8253,100,100.4233,3.3871,103.2589,4/30/2020,1.2356,100,AA,4/30/2023,Fixed Interest Rate,Simple interest,3.75%,1,4月30日,3,3,A/365F,"Interest is paid on April 30 every year, holidays are postponed",3,15
2020028.IB,BANK OF WEIFANG 3.10% B230506,3.5911,101.6781,99.3934,99.82,3.2402,102.1132,5/6/2020,1.2521,100,AA+,5/6/2023,Fixed Interest Rate,Simple interest,3.10%,1,5月6日,3,3,ACT/ACT,The interest payment holiday is postponed on May 6 every year,3,30
2020032.IB,BANK OF LIUZHOU 3.69% B230529,3.2933,102.9804,100.4934,100.6297,3.1866,103.1267,5/29/2020,1.3151,100,AA+,5/29/2023,Fixed Interest Rate,Simple interest,3.69%,1,5月29日,3,3,ACT/ACT,The interest payment on May 29 of each year will be postponed,3,10
2020040.IB,BANK OF QUANZHOU 3.48% B230710,4.4622,100.5842,98.6392,100.4034,3.1789,102.3579,7/10/2020,1.4301,100,AA+,7/10/2023,Fixed Interest Rate,Simple interest,3.48%,1,7月10日,3,3,ACT/ACT,The interest payment holiday will be postponed on July 10 every year,3,10
2020041.IB,FUJIAN HAIXIA BANK 3.85% B230720,3.0923,103.1034,101.0571,101.4172,2.8397,103.4741,7/20/2020,1.4575,100,AA+,7/20/2023,Fixed Interest Rate,Simple interest,3.85%,1,7月20日,3,3,A/365F,"Pay interest on July 20 every year, and holidays are postponed",3,25
2020045.IB,BOB 3.40% B230820,2.7038,102.5525,101.0341,101.3425,2.4997,102.8702,8/20/2020,1.5425,100,AAA,8/20/2023,Fixed Interest Rate,Simple interest,3.40%,1,8月20日,3,3,ACT/ACT,The interest payment holiday will be postponed on August 20 every year,3,60
2020047.IB,ZHEJIANG TAILONG COMMERCIAL BANK 3.75% B230827,3.0381,102.6663,101.0636,101.4455,2.7878,103.0586,8/27/2020,1.5616,100,AAA,8/27/2023,Fixed Interest Rate,Simple interest,3.75%,1,8月27日,3,3,A/365F,"Pay interest on August 27 every year, and postpone holidays",3,30
2020049.IB,BANK OF LUOYANG 3.68% B230901,2.8934,102.7123,101.1899,101.6105,2.6209,103.1429,9/1/2020,1.5753,100,AA+,9/1/2023,Fixed Interest Rate,Simple interest,3.68%,1,9月1日,3,3,ACT/ACT,The interest payment holiday will be postponed on September 1 every year,3,30
2020053.IB,BANK OF DONGGUAN 3.79% B230911,2.5286,103.4231,101.959,101.7489,2.659,103.2234,9/11/2020,1.6027,100,AAA,9/11/2023,Fixed Interest Rate,Simple interest,3.79%,1,9月11日,3,3,ACT/ACT,"Pay interest on September 11 every year, and holidays are postponed",3,40
2020057.IB,BANK OF CHANGSHA 3.75% B230915,2.693,103.0543,101.6468,101.7207,2.6448,103.1385,9/15/2020,1.6137,100,AAA,9/15/2023,Fixed Interest Rate,Simple interest,3.75%,1,9月15日,3,3,ACT/ACT,The interest payment holiday is postponed on September 15 every year,3,20
2020059.IB,ZHEJIANG CHOUZHOU COMMERCIAL BANK 4.10% B230921,3.561,102.2997,100.8282,101.5836,3.0848,103.0664,9/21/2020,1.6301,100,AA+,9/21/2023,Fixed Interest Rate,Simple interest,4.10%,1,9月21日,3,3,ACT/ACT,The interest payment holiday is postponed on September 21 every year,3,10
2020072.IB,BANK OF CHONGQING 3.73% B231104,2.8044,102.4494,101.5603,101.7256,2.7068,102.6249,11/4/2020,1.7507,100,AAA,11/4/2023,Fixed Interest Rate,Simple interest,3.73%,1,11月4日,3,3,A/365F,"Pay interest on November 4 every year, and postpone holidays",3,20
2020076.IB,QLB 3.8% B231120,2.6209,102.7846,102.0454,102.0121,2.6379,102.7617,11/20/2020,1.7945,100,AAA,11/20/2023,Fixed Interest Rate,Simple interest,3.80%,1,11月20日,3,3,ACT/ACT,"Pay interest on November 20 every year, and postpone holidays",3,40
2020077.IB,XIAMEN INTERNATIONAL BANK 3.59% B231221,2.6304,102.1362,101.7428,101.6131,2.6994,102.0163,12/21/2020,1.8795,100,AAA,12/21/2023,Fixed Interest Rate,Simple interest,3.59%,1,12月21日,3,3,A/365F,The interest payment will be postponed on December 21 every year,3,10
2020079.IB,BANK OF GANZHOU 3.89% B231126,3.0265,102.1927,101.5,101.7562,2.8805,102.4596,11/26/2020,1.811,100,AA+,11/26/2023,Fixed Interest Rate,Simple interest,3.89%,1,11月26日,3,3,ACT/ACT,The interest payment will be postponed on November 26 every year,3,15
2020084.IB,20 Fudian Bank Sannong Bond,3.694,101.0125,100.5,101.745,3.002,102.2684,12/14/2020,1.8603,100,AA+,12/14/2023,Fixed Interest Rate,Simple interest,3.98%,1,12月14日,3,3,A/365F,The interest payment holiday will be postponed on December 14 every year,3,10
2020086.IB,BANK OF CHANGSHA 3.70% B231217,2.6426,102.3551,101.9091,101.6312,2.7927,102.0874,12/17/2020,1.8685,100,AAA,12/17/2023,Fixed Interest Rate,Simple interest,3.70%,1,12月17日,3,3,ACT/ACT,"Interest is paid on December 17 each year, holidays are postponed",3,40
2020089.IB,HKB 3.8% B231223,3.4649,100.9944,100.5988,101.6688,2.8788,102.0748,12/23/2020,1.8849,100,AA+,12/23/2023,Fixed Interest Rate,Simple interest,3.80%,1,12月23日,3,3,A/365F,The interest payment holiday is postponed on December 23 every year,3,10
2021001.IB,CHONGQING RURAL COMMERCIAL BANK 3.20% B230113,2.6489,100.6579,100.5089,100.6671,2.4778,100.825,1/13/2020,0.9425,100,AAA,1/13/2023,Fixed Interest Rate,Simple interest,3.20%,1,1月13日,3,3,A/365F,"Pay interest on January 13 every year, and holidays are postponed",3,20
2021003.IB,CHANGSHU BANK 2.96% B230310,2.9365,102.6648,100.0211,100.5381,2.457,103.1899,3/10/2020,1.0959,100,AA+,3/10/2023,Fixed Interest Rate,Simple interest,2.96%,1,3月10日,3,3,ACT/ACT,"Interest is paid on March 10 every year, holidays are postponed",3,10
2021004.IB,YINGQUAN RURAL COMMERCIAL BANK 4.5% B230305,4.492,104.0808,100,100.5412,3.9761,104.6343,3/5/2020,1.0822,100,AA-,3/5/2023,Fixed Interest Rate,Simple interest,4.50%,1,3月5日,3,3,ACT/ACT,"Pay interest on March 5 every year, and postpone holidays",3,3
2021005.IB,QRCB 3.03% B230309,2.8026,102.9545,100.24,100.4827,2.5765,103.2056,3/9/2020,1.0932,100,AAA,3/9/2023,Fixed Interest Rate,Simple interest,3.03%,1,3月9日,3,3,ACT/ACT,"Pay interest on March 9 every year, and holidays are postponed",3,30
2021007.IB,DRCB 2.94% B230312,3.3891,102.1226,99.5128,100.5987,2.3837,103.2165,3/12/2020,1.1014,100,AAA,3/12/2023,Fixed Interest Rate,Simple interest,2.94%,1,3月12日,3,3,ACT/ACT,"Interest is paid on March 12 every year, holidays are postponed",3,20
2021008.IB,CHONGQING RURAL COMMERCIAL BANK 2.89% B230316,2.7737,102.6563,100.1226,100.3675,2.5496,102.9091,3/16/2020,1.1123,100,AAA,3/16/2023,Fixed Interest Rate,Simple interest,2.89%,1,3月16日,3,3,A/365F,"Interest is paid on March 16 every year, holidays are postponed",3,80
2021010.IB,CHANGSHA RURAL COMMERCIAL BANK 3.04% B230319,2.9856,102.6947,100.0545,100.2794,2.7808,102.928,3/19/2020,1.1205,100,AA+,3/19/2023,Fixed Interest Rate,Simple interest,3.04%,1,3月19日,3,3,ACT/ACT,"Interest is paid on March 19 every year, holidays are postponed",3,15
2021013.IB,XINYU RURAL COMMERCIAL BANK 4.00% B230428,6.2343,100.4219,97.3863,99.7366,4.2101,102.7831,4/28/2020,1.2301,100,A+,4/28/2023,Fixed Interest Rate,Simple interest,4.00%,1,4月28日,3,3,ACT/ACT,The annual interest payment holiday will be postponed on April 28th,3,2.8
2021015.IB,MAANSHAN RURAL COMMERCIAL BANK 3.90% B230630,3.8866,102.2866,100,101.1145,3.0703,103.4117,6/30/2020,1.4027,100,AA,6/30/2023,Fixed Interest Rate,Simple interest,3.90%,1,6月30日,3,3,A/365F,"Pay interest on June 30 every year, and postpone holidays",3,4
2021023.IB,XIAMEN RURAL COMMERCIAL BANK 3.69% B230811,3.2905,102.3102,100.5714,101.2759,2.8154,103.0249,8/11/2020,1.5178,100,AA+,8/11/2023,Fixed Interest Rate,Simple interest,3.69%,1,8月11日,3,3,ACT/ACT,"Pay interest on August 11 every year, and postpone holidays",3,10
2021025.IB,DRCB 3.62% B230914,2.5967,102.9628,101.5941,101.5723,2.6087,102.9508,9/14/2020,1.611,100,AAA,9/14/2023,Fixed Interest Rate,Simple interest,3.62%,1,9月14日,3,3,ACT/ACT,The interest payment holiday will be postponed on September 14 every year,3,20
2021027.IB,ZRCBANK 3.8% B230922,2.8749,102.8059,101.4525,101.5933,2.7857,102.9571,9/22/2020,1.6329,100,AA+,9/22/2023,Fixed Interest Rate,Simple interest,3.80%,1,9月22日,3,3,ACT/ACT,The interest payment will be postponed on September 22 every year,3,15
2021030.IB,SRCB 3.63% B231028,2.7716,102.3661,101.4313,101.7224,2.5992,102.6672,10/28/2020,1.7315,100,AAA,10/28/2023,Fixed Interest Rate,Simple interest,3.63%,1,10月28日,3,3,ACT/ACT,"Pay interest on October 28 every year, and postpone holidays",3,80
2021031.IB,CHONGQING RURAL COMMERCIAL BANK B231109,2.8148,102.1416,101.3328,101.6076,2.6547,102.4262,11/9/2020,1.7644,100,AAA,11/9/2023,Fixed Interest Rate,Simple interest,3.60%,1,11月9日,3,3,ACT/ACT,The interest payment will be postponed on November 9 every year,3,20
2021032.IB,JRCB 3.82% B231112,3.0706,102.0986,101.2718,101.8139,2.757,102.6512,11/12/2020,1.7726,100,AA+,11/12/2023,Fixed Interest Rate,Simple interest,3.82%,1,11月12日,3,3,ACT/ACT,"Pay interest on November 12 every year, and holidays are postponed",3,10
2021033.IB,SRCB 3.75% B231124,2.6981,102.5214,101.833,102.0087,2.5976,102.7074,11/24/2020,1.8055,100,AAA,11/24/2023,Fixed Interest Rate,Simple interest,3.75%,1,11月24日,3,3,ACT/ACT,"Pay interest on November 24 every year, and holidays are postponed",3,20
2021034.IB,XIAOSHAN RURAL COMMERCIAL BANK 3.85% B231125,3.1583,101.8918,101.1956,101.7422,2.8475,102.449,11/25/2020,1.8082,100,AA+,11/25/2023,Fixed Interest Rate,Simple interest,3.85%,1,11月25日,3,3,A/365F,"Interest is paid on November 25 every year, holidays are postponed",3,10
2021036.IB,DRCB 3.75% B231201,2.7262,102.4186,101.8022,101.8795,2.6815,102.5062,12/1/2020,1.8247,100,AAA,12/1/2023,Fixed Interest Rate,Simple interest,3.75%,1,12月1日,3,3,ACT/ACT,The interest payment on December 1 of each year will be postponed,3,10
2021040.IB,WHRCB 3.8% B231217,3.2953,101.357,100.8989,101.6516,2.8801,102.1201,12/17/2020,1.8685,100,AA+,12/17/2023,Fixed Interest Rate,Simple interest,3.80%,1,12月17日,3,3,ACT/ACT,"Interest is paid on December 17 each year, holidays are postponed",3,10
2026001.IB,FUBON BANK 3.20% B230324,3.7094,102.167,99.4317,100.2811,2.9411,103.0252,3/24/2020,1.1342,100,AAA,3/24/2023,Fixed Interest Rate,Simple interest,3.20%,1,3月24日,3,3,A/365F,The interest payment will be postponed on March 24 every year,3,10
2026002.IB,HSBC BANK(CHINA) 2.95% B230604,2.9292,101.9571,100.0174,100.5553,2.5169,102.5031,6/4/2020,1.3315,100,AAA,6/4/2023,Fixed Interest Rate,Simple interest,2.95%,1,6月4日,3,3,ACT/ACT,The interest payment will be postponed on June 4 every year,3,30
2026003.IB,HSBC BANK(CHINA) 3.75% B230923,2.7806,102.853,101.5277,101.7401,2.6472,103.0757,9/23/2020,1.6356,100,AAA,9/23/2023,Fixed Interest Rate,Simple interest,3.75%,1,9月23日,3,3,ACT/ACT,The interest payment holiday will be postponed every September 23,3,30
2026004.IB,FUBON BANK 3.92% B231201,3.5735,101.2402,100.5958,101.4641,3.0814,102.1192,12/1/2020,1.8247,100,AAA,12/1/2023,Fixed Interest Rate,Simple interest,3.92%,1,12月1日,3,3,A/365F,The interest payment on December 1 of each year will be postponed,3,10
2026005.IB,NANYANG COMMERCIAL BANK CHINA 4.08% B231221,3.3368,101.7807,101.3336,102.1747,2.8767,102.633,12/21/2020,1.8795,100,AAA,12/21/2023,Fixed Interest Rate,Simple interest,4.08%,1,12月21日,3,3,ACT/ACT,The interest payment will be postponed on December 21 every year,3,25
2026006.IB,NANYANG COMMERCIAL BANK CHINA 4.33% B251221,4.3275,100.4745,100,104.4176,3.1044,104.904,12/21/2020,3.8795,100,AAA,12/21/2025,Fixed Interest Rate,Simple interest,4.33%,1,12月21日,5,5,ACT/ACT,The interest payment will be postponed on December 21 every year,5,5
2028001.IB,CBHB 3.47% B230115,2.8282,100.738,100.5954,100.9126,2.4891,101.0647,1/15/2020,0.9479,100,AAA,1/15/2023,Fixed Interest Rate,Simple interest,3.47%,1,1月15日,3,3,A/365F,"Pay interest on January 15 each year, and holidays are postponed",3,100
2028002.IB,CBHB 3.24% B230219,2.9889,103.317,100.2545,100.692,2.5629,103.7634,2/19/2020,1.0438,100,AAA,2/19/2023,Fixed Interest Rate,Simple interest,3.24%,1,2月19日,3,3,A/365F,"Pay interest on February 19 every year, and holidays are postponed",3,80
2028004.IB,CZBANK 2.95% B230305,2.596,103.0487,100.3735,100.4959,2.4806,103.1792,3/5/2020,1.0822,100,AAA,3/5/2023,Fixed Interest Rate,Simple interest,2.95%,1,3月5日,3,3,ACT/ACT,"Pay interest on March 5 every year, and postpone holidays",3,100
2028005.IB,BANK OF CHINA 2.65% B230312,2.5122,102.4983,100.146,100.5167,2.1711,102.8763,3/12/2020,1.1014,100,AAA,3/12/2023,Fixed Interest Rate,Simple interest,2.65%,1,3月12日,3,3,A/365F,"Interest is paid on March 12 every year, holidays are postponed",3,100
2028007.IB,CNCB 2.75% B230318,2.4474,102.7251,100.3292,100.3011,2.4722,102.7045,3/18/2020,1.1178,100,AAA,3/18/2023,Fixed Interest Rate,Simple interest,2.75%,1,3月18日,3,3,ACT/ACT,"Pay interest on March 18 every year, and postpone holidays",3,300
2028008.IB,CMBC 2.75% B230320,2.7077,102.4232,100.0424,100.3409,2.4374,102.7293,3/20/2020,1.1233,100,AAA,3/20/2023,Fixed Interest Rate,Simple interest,2.75%,1,3月20日,3,3,A/365F,"Pay interest on March 20 every year, and postpone holidays",3,200
2028009.IB,CZBANK 2.50% B230410,2.5365,101.9733,99.9528,99.9503,2.5388,101.9776,4/10/2020,1.1808,100,AAA,4/10/2023,Fixed Interest Rate,Simple interest,2.50%,1,4月10日,3,3,ACT/ACT,"Pay interest on April 10 every year, and postpone holidays",3,150
2028010.IB,HUAXIA BANK 2.08% B230417,2.7698,100.826,99.1848,99.8902,2.1699,101.5371,4/17/2020,1.2,100,AAA,4/17/2023,Fixed Interest Rate,Simple interest,2.08%,1,4月17日,3,3,ACT/ACT,The interest payment holiday is postponed on April 17 every year,3,100
2028011.IB,AGRICULTURAL BANK OF CHINA 1.99% B230421,2.8045,100.5785,99.0301,99.8401,2.1213,101.3939,4/21/2020,1.211,100,AAA,4/21/2023,Fixed Interest Rate,Simple interest,1.99%,1,4月21日,3,3,ACT/ACT,"Pay interest on April 21 every year, and holidays are postponed",3,200
2028012.IB,SPD BANK 2.08% B230429,2.523,101.0322,99.4594,99.6774,2.3431,101.2559,4/29/2020,1.2329,100,AAA,4/29/2023,Fixed Interest Rate,Simple interest,2.08%,1,4月29日,3,3,ACT/ACT,The annual interest payment holiday is extended on April 29th,3,500
2028015.IB,INDUSTRIAL BANK 2.17% B230506,2.5867,101.0826,99.4833,99.7666,2.3561,101.3718,5/6/2020,1.2521,100,AAA,5/6/2023,Fixed Interest Rate,Simple interest,2.17%,1,5月6日,3,3,ACT/ACT,The interest payment holiday is postponed on May 6 every year,3,230
2028016.IB,INDUSTRIAL BANK 2.67% B250506,2.8918,101.2791,99.3113,100.069,2.6454,102.0441,5/6/2020,3.2521,100,AAA,5/6/2025,Fixed Interest Rate,Simple interest,2.67%,1,5月6日,5,5,ACT/ACT,The interest payment holiday is postponed on May 6 every year,5,70
2028019.IB,PAB 2.3% B230526,2.4987,101.3084,99.7394,99.9042,2.3703,101.4795,5/26/2020,1.3068,100,AAA,5/26/2023,Fixed Interest Rate,Simple interest,2.30%,1,5月26日,3,3,ACT/ACT,"Pay interest on May 26 each year, and holidays are postponed",3,300
2028020.IB,INDUSTRIAL BANK 2.58% B230527,2.6052,101.7134,99.9604,99.9568,2.6081,101.7169,5/27/2020,1.3096,100,AAA,5/27/2023,Fixed Interest Rate,Simple interest,2.58%,1,5月27日,3,3,ACT/ACT,"May 27, 27, payment, holiday",3,220
2028021.IB,INDUSTRIAL BANK 2.95% B250527,2.8713,102.2413,100.2369,100.6057,2.7536,102.6182,5/27/2020,3.3096,100,AAA,5/27/2025,Fixed Interest Rate,Simple interest,2.95%,1,5月27日,5,5,ACT/ACT,"May 27, 27, payment, holiday",5,50
2028027.IB,BANK OF CHINA 3.15% B230805,2.5405,102.4196,100.8834,100.9218,2.5134,102.4666,8/5/2020,1.5014,100,AAA,8/5/2023,Fixed Interest Rate,Simple interest,3.15%,1,8月5日,3,3,A/365F,"Pay interest on August 5 every year, and postpone holidays",3,100
2028028.IB,HUAXIA BANK 3.19% B230810,2.537,102.4676,100.9556,100.9985,2.507,102.5192,8/10/2020,1.5151,100,AAA,8/10/2023,Fixed Interest Rate,Simple interest,3.19%,1,8月10日,3,3,ACT/ACT,"Pay interest on August 10 every year, and postpone holidays",3,200
2028029.IB,BANKCOMM 3.18% B230807,2.5638,102.4293,100.8959,101.0811,2.438,102.6231,8/7/2020,1.5068,100,AAA,8/7/2023,Fixed Interest Rate,Simple interest,3.18%,1,8月7日,3,3,ACT/ACT,"Pay interest on August 7 every year, and holidays are postponed",3,500
2028030.IB,INDUSTRIAL BANK 3.45% B230813,2.5569,102.9231,101.3163,101.1971,2.6347,102.8134,8/13/2020,1.5233,100,AAA,8/13/2023,Fixed Interest Rate,Simple interest,3.45%,1,8月13日,3,3,ACT/ACT,"Pay interest on August 13 every year, and postpone holidays",3,230
2028031.IB,CBHB 3.55% B230820,3.2738,101.9829,100.3976,101.2507,2.7077,102.8458,8/20/2020,1.5425,100,AAA,8/20/2023,Fixed Interest Rate,Simple interest,3.55%,1,8月20日,3,3,ACT/ACT,The interest payment holiday will be postponed on August 20 every year,3,100
2028036.IB,ICBC 3.37% B230917,2.2616,102.9922,101.7458,101.3809,2.4875,102.6366,9/17/2020,1.6192,100,AAA,9/17/2023,Fixed Interest Rate,Simple interest,3.37%,1,9月17日,3,3,A/365F,The interest payment will be postponed on September 17 every year,3,100
2028043.IB,CCB 3.5% B231029,2.5426,102.4979,101.6061,101.5179,2.5927,102.4193,10/29/2020,1.7342,100,AAA,10/29/2023,Fixed Interest Rate,Simple interest,3.50%,1,10月29日,3,3,ACT/ACT,The interest payment holiday will be postponed on October 29 every year,3,200
2028046.IB,CMB B231110,2.6531,102.1823,101.41,101.6519,2.5126,102.4337,11/10/2020,1.7671,100,AAA,11/10/2023,Fixed Interest Rate,Simple interest,3.48%,1,11月10日,3,3,ACT/ACT,"Pay interest on November 10 every year, and holidays are postponed",3,100
2028047.IB,BANKCOMM 3.50% B231113,2.5944,102.3015,101.5536,101.6037,2.5642,102.3613,11/13/2020,1.7753,100,AAA,11/13/2023,Fixed Interest Rate,Simple interest,3.50%,1,11月13日,3,3,ACT/ACT,"Pay interest on November 13 every year, and holidays are postponed",3,400
2028054.IB,HUAXIA BANK 3.54% B231218,2.6009,102.1157,101.6987,101.6906,2.604,102.1173,12/18/2020,1.8712,100,AAA,12/18/2023,Fixed Interest Rate,Simple interest,3.54%,1,12月18日,3,3,ACT/ACT,"Pay interest on December 18 each year, and holidays are postponed",3,330
2120003.IB,BANK OF CHONGQING 3.5% B240126,2.9784,101.0309,100.9925,101.6294,2.6468,101.6773,1/26/2021,1.9781,100,AAA,1/26/2024,Fixed Interest Rate,Simple interest,3.50%,1,1月26日,3,3,A/365F,"Interest is paid on January 26 every year, holidays are postponed",3,20
2120004.IB,BANK OF SUZHOU 3.55% B240129,2.9715,101.1154,101.1057,101.6654,2.6812,101.6849,1/29/2021,1.9863,100,AAA,1/29/2024,Fixed Interest Rate,Simple interest,3.55%,1,1月29日,3,3,ACT/ACT,The interest payment holiday is postponed on January 29 each year,3,10
2120005.IB,BOB 3.5% B240205,2.6438,105.1018,101.6593,101.7322,2.6055,105.1843,2/5/2021,2.0055,100,AAA,2/5/2024,Fixed Interest Rate,Simple interest,3.50%,1,2月5日,3,3,ACT/ACT,"Interest shall be paid on February 5 every year, and holidays shall be postponed accordingly",3,80
2120009.IB,ZY BANK 3.6% B240304,3.1117,104.2437,100.9692,101.7954,2.702,105.0798,3/4/2021,2.0795,100,AAA,3/4/2024,Fixed Interest Rate,Simple interest,3.60%,1,3月4日,3,3,A/365F,"Pay interest on March 4 every year, and holidays are postponed",3,20
2120010.IB,XIAMEN INTERNATIONAL BANK 3.58% B240316,2.719,104.8868,101.7482,101.7188,2.7322,104.8673,3/16/2021,2.1123,100,AAA,3/16/2024,Fixed Interest Rate,Simple interest,3.58%,1,3月16日,3,3,A/365F,"Interest is paid on March 16 every year, holidays are postponed",3,40
2120011.IB,BANK OF GUANGZHOU 3.52% B240316,2.9559,104.225,101.139,101.5968,2.7323,104.6924,3/16/2021,2.1123,100,AAA,3/16/2024,Fixed Interest Rate,Simple interest,3.52%,1,3月16日,3,3,ACT/ACT,"Interest is paid on March 16 every year, holidays are postponed",3,30
2120012.IB,BANK OF CHONGQING 3.57% B240318,2.8995,104.4696,101.3593,101.7184,2.7245,104.8385,3/18/2021,2.1178,100,AAA,3/18/2024,Fixed Interest Rate,Simple interest,3.57%,1,3月18日,3,3,A/365F,"Pay interest on March 18 every year, and postpone holidays",3,20
2120016.IB,GUILIN BANK 3.7% B240323,3.4252,103.7238,100.5509,101.7043,2.8644,104.8873,3/23/2021,2.1315,100,AAA,3/23/2024,Fixed Interest Rate,Simple interest,3.70%,1,3月23日,3,3,A/365F,The interest payment holiday is postponed on March 23 every year,3,21
2120021.IB,BANK OF LIUZHOU 4.00% B240329,3.6376,104.0944,100.73,101.3993,3.3127,104.7747,3/29/2021,2.1479,100,AA+,3/29/2024,Fixed Interest Rate,Simple interest,4.00%,1,3月29日,3,3,ACT/ACT,"Pay interest on March 29 every year, and holidays are postponed",3,10
2120025.IB,HZBANK 3.50% B240409,2.9983,103.8784,101.04,101.6551,2.7068,104.503,4/9/2021,2.1781,100,AAA,4/9/2024,Fixed Interest Rate,Simple interest,3.50%,1,4月9日,3,3,A/365F,The interest payment will be postponed on April 9 every year,3,150
2120026.IB,BANK OF JIANGSU 3.48% B240412,2.9981,103.7955,101.002,101.7064,2.6657,104.5095,4/12/2021,2.1863,100,AAA,4/12/2024,Fixed Interest Rate,Simple interest,3.48%,1,4月12日,3,3,A/365F,"Pay interest on April 12 every year, and postpone holidays",3,50
2120027.IB,CHONGQING THREE GORGES BANK 3.8% B240412,3.489,103.6871,100.6367,101.1925,3.2239,104.2533,4/12/2021,2.1863,100,AA+,4/12/2024,Fixed Interest Rate,Simple interest,3.80%,1,4月12日,3,3,A/365F,"Pay interest on April 12 every year, and postpone holidays",3,30
2120028.IB,BANK OF NINGBO 3.48% B240412,2.5949,104.6533,101.8598,101.7064,2.6657,104.5095,4/12/2021,2.1863,100,AAA,4/12/2024,Fixed Interest Rate,Simple interest,3.48%,1,4月12日,3,3,ACT/ACT,"Pay interest on April 12 every year, and postpone holidays",3,50
2120029.IB,BANK OF CHANGSHA 3.50% B240412,2.6748,104.5407,101.7311,101.5354,2.7657,104.3546,4/12/2021,2.1863,100,AAA,4/12/2024,Fixed Interest Rate,Simple interest,3.50%,1,4月12日,3,3,ACT/ACT,"Pay interest on April 12 every year, and postpone holidays",3,40
2120030.IB,CHINA RESOURCES BANK OF ZHUHAI 3.5% B240416,3.0002,103.8154,101.0442,101.5367,2.7685,104.3175,4/16/2021,2.1973,100,AAA,4/16/2024,Fixed Interest Rate,Simple interest,3.50%,1,4月16日,3,3,A/365F,"April 16, 16, payment, holiday",3,15
2120032.IB,GUANGXI BEIBU GULF BANK 3.65% B240414,3.5882,103.0282,100.1182,101.2778,3.0366,104.1978,4/14/2021,2.1918,100,AAA,4/14/2024,Fixed Interest Rate,Simple interest,3.65%,1,4月14日,3,3,ACT/ACT,The annual interest payment holiday is extended on April 14th,3,15
2120033.IB,BOB 3.39% B240423,2.5955,104.3096,101.6905,101.6051,2.6341,104.2335,4/23/2021,2.2164,100,AAA,4/23/2024,Fixed Interest Rate,Simple interest,3.39%,1,4月23日,3,3,ACT/ACT,The interest payment holiday will be postponed on April 23 every year,3,40
2120034.IB,BOB 3.38% B240423,2.883,103.6604,101.049,101.5838,2.6341,104.2044,4/23/2021,2.2164,100,AAA,4/23/2024,Fixed Interest Rate,Simple interest,3.38%,1,4月23日,3,3,ACT/ACT,The interest payment holiday will be postponed on April 23 every year,3,20
2120035.IB,XIAMEN INTERNATIONAL BANK 3.48% B240427,2.7908,104.1174,101.4669,101.647,2.7069,104.3071,4/27/2021,2.2274,100,AAA,4/27/2024,Fixed Interest Rate,Simple interest,3.48%,1,4月27日,3,3,A/365F,"April 27, April 27, payment, holiday",3,30
2120039.IB,HKB 3.80% B240428,3.4101,103.6998,100.816,101.3957,3.1395,104.29,4/28/2021,2.2301,100,AA+,4/28/2024,Fixed Interest Rate,Simple interest,3.80%,1,4月28日,3,3,A/365F,The annual interest payment holiday will be postponed on April 28th,3,10
2120043.IB,LUZHOU CITY COMMERCIAL BANK 3.85% B240527,3.6211,103.1018,100.4859,101.2254,3.2861,103.8518,5/27/2021,2.3096,100,AA+,5/27/2024,Fixed Interest Rate,Simple interest,3.85%,1,5月27日,3,3,A/365F,"May 27, 27, payment, holiday",3,20
2120048.IB,XIAMEN INTERNATIONAL BANK 3.33% B240604,2.7048,103.5805,101.3909,101.3724,2.7123,103.5711,6/4/2021,2.3315,100,AAA,6/4/2024,Fixed Interest Rate,Simple interest,3.33%,1,6月4日,3,3,A/365F,The interest payment will be postponed on June 4 every year,3,20
2120049.IB,QILU BANK B240616,2.9483,103.1339,101.0101,101.4553,2.7532,103.5884,6/16/2021,2.3644,100,AAA,6/16/2024,Fixed Interest Rate,Simple interest,3.40%,1,6月16日,3,3,ACT/ACT,"Pay interest on June 16 each year, and holidays are postponed",3,40
2120050.IB,21njcb Green Financial Bond 01.,2.6969,103.3707,101.3128,101.4023,2.6572,103.4691,6/15/2021,2.3616,100,AAA,6/15/2024,Fixed Interest Rate,Simple interest,3.28%,1,6月15日,3,3,ACT/ACT,"Pay interest on June 15 each year, and holidays are postponed",3,40
2120053.IB,21 Weifang bank small and micro debt 01.,3.6195,102.4446,100.1881,101.4712,3.0562,103.7379,6/22/2021,2.3808,100,AA+,6/22/2024,Fixed Interest Rate,Simple interest,3.71%,1,6月22日,3,3,ACT/ACT,The interest payment holiday is extended on June 22 every year,3,20
2120054.IB,ZHEJIANG MINTAI COMMERCIAL BANK 3.85% B240622,3.6423,102.7928,100.4512,101.7892,3.056,104.1414,6/22/2021,2.3808,100,AA+,6/22/2024,Fixed Interest Rate,Simple interest,3.85%,1,6月22日,3,3,ACT/ACT,The interest payment holiday is extended on June 22 every year,3,7
2120056.IB,ZY BANK 3.48% B240628,2.9515,103.2585,101.1991,101.6501,2.7567,103.719,6/28/2021,2.3973,100,AAA,6/28/2024,Fixed Interest Rate,Simple interest,3.48%,1,6月28日,3,3,ACT/ACT,"Pay interest on June 28 every year, and postpone holidays",3,20
2120061.IB,HKB 3.7% B240707,3.6867,102.1124,100.014,101.238,3.1566,103.3465,7/7/2021,2.4219,100,AA+,7/7/2024,Fixed Interest Rate,Simple interest,3.70%,1,7月7日,3,3,A/365F,The interest payment will be postponed on July 7 every year,3,20
2120063.IB,BHN 3.8% B240712,3.6245,102.4903,100.3873,101.4738,3.1576,103.5872,7/12/2021,2.4356,100,AA+,7/12/2024,Fixed Interest Rate,Simple interest,3.80%,1,7月12日,3,3,A/365F,"Interest shall be paid on July 12 every year, and holidays shall be postponed accordingly",3,5
2120065.IB,GUILIN BANK 3.38% B240715,3.462,101.6387,99.7959,100.6622,3.09,102.5142,7/15/2021,2.4438,100,AAA,7/15/2024,Fixed Interest Rate,Simple interest,3.38%,1,7月15日,3,3,A/365F,"Pay interest on July 15 each year, and holidays are postponed",3,24
2120067.IB,DONGYING BANK 3.85% B240730,3.8422,101.9408,100,101.0566,3.394,103.008,7/30/2021,2.4849,100,AA,7/30/2024,Fixed Interest Rate,Simple interest,3.85%,1,7月30日,3,3,ACT/ACT,The interest payment holiday is postponed on July 30 every year,3,10
2120068.IB,BANK OF LIUZHOU 3.8% B240810,3.7968,101.791,99.9899,101.042,3.3559,102.8535,8/10/2021,2.5151,100,AA+,8/10/2024,Fixed Interest Rate,Simple interest,3.80%,1,8月10日,3,3,ACT/ACT,"Pay interest on August 10 every year, and postpone holidays",3,10
2120070.IB,21 innovation and entrepreneurship bonds of Bank of Zhengzhou,2.9057,101.9931,100.6079,100.7035,2.8664,102.0974,8/23/2021,2.5507,100,AAA,8/23/2024,Fixed Interest Rate,Simple interest,3.16%,1,8月23日,3,3,ACT/ACT,The interest payment will be postponed on August 23 every year,3,50
2120071.IB,21 Bank of Shanghai,2.6969,102.1545,100.8014,100.5965,2.7803,101.9579,8/20/2021,2.5425,100,AAA,8/20/2024,Fixed Interest Rate,Simple interest,3.03%,1,8月20日,3,3,ACT/ACT,The interest payment holiday will be postponed on August 20 every year,3,300
2120073.IB,21 Bank of Guangzhou Small and Micro Bonds 02.,2.7314,102.0749,100.7713,100.656,2.7778,101.9679,8/27/2021,2.5616,100,AAA,8/27/2024,Fixed Interest Rate,Simple interest,3.05%,1,8月27日,3,3,ACT/ACT,"Pay interest on August 27 every year, and postpone holidays",3,70
2120076.IB,21 Changjiang Bank Xiaowei Debt 01.,3.9423,101.6449,100,100.8895,3.5761,102.5453,8/31/2021,2.5726,100,AA,8/31/2024,Fixed Interest Rate,Simple interest,3.95%,1,8月31日,3,3,ACT/ACT,"Pay interest on August 31 every year, and postpone holidays",3,3
2120079.IB,Fudian Bank,3.6664,101.0811,99.7,100.6561,3.2779,102.047,9/10/2021,2.6,100,AA+,9/10/2024,Fixed Interest Rate,Simple interest,3.55%,1,9月10日,3,3,A/365F,The interest payment holiday is postponed on September 10 every year,3,20
2120081.IB,21 HKB Small and Micro Bonds 03.,3.5134,101.7297,100.3723,101.5171,3.0552,102.8845,9/17/2021,2.6192,100,AA+,9/17/2024,Fixed Interest Rate,Simple interest,3.67%,1,9月17日,3,3,A/365F,The interest payment will be postponed on September 17 every year,3,20
2120082.IB,21 Chouzhou Bank Small and Micro Bonds 01.,3.4175,101.9964,100.6353,101.2904,3.1551,102.6616,9/17/2021,2.6192,100,AA+,9/17/2024,Fixed Interest Rate,Simple interest,3.68%,1,9月17日,3,3,ACT/ACT,The interest payment will be postponed on September 17 every year,3,20
2120084.IB,21 Guilin Bank Sannong Bond 03.,3.3474,101.2539,100.0686,100.6815,3.1031,101.8761,9/24/2021,2.6384,100,AAA,9/24/2024,Fixed Interest Rate,Simple interest,3.38%,1,9月24日,3,3,A/365F,The interest payment holiday will be postponed every September 24,3,35
2120086.IB,21czbank Small Micro Debt 01.,2.7065,101.7613,100.7339,100.8359,2.6662,101.8715,9/27/2021,2.6466,100,AAA,9/27/2024,Fixed Interest Rate,Simple interest,3.00%,1,9月27日,3,3,A/365F,The interest payment will be postponed on September 27 every year,3,100
2120087.IB,BANK OF DONGGUAN 3.09% B240927,2.7061,102.0207,100.9625,100.8338,2.7562,101.9005,9/27/2021,2.6466,100,AAA,9/27/2024,Fixed Interest Rate,Simple interest,3.09%,1,9月27日,3,3,ACT/ACT,The interest payment will be postponed on September 27 every year,3,30
2120094.IB,21 small and micro Bonds 01 of Bank of Guiyang.,2.7484,101.7383,101.0243,100.965,2.7704,101.6876,11/8/2021,2.7616,100,AAA,11/8/2024,Fixed Interest Rate,Simple interest,3.14%,1,11月8日,3,3,A/365F,"Pay interest on November 8 each year, and postpone holidays",3,40
2120096.IB,21 Qinghai Bank 01,3.8052,100.8664,100,101.1361,3.3693,102.0129,11/8/2021,2.7616,100,AA+,11/8/2024,Fixed Interest Rate,Simple interest,3.81%,1,11月8日,3,3,ACT/ACT,"Pay interest on November 8 each year, and postpone holidays",3,15
2120097.IB,21 Beibu Gulf Bank Green Bond 01.,3.2683,100.9851,100.2303,100.6464,3.1096,101.4105,11/9/2021,2.7644,100,AAA,11/9/2024,Fixed Interest Rate,Simple interest,3.36%,1,11月9日,3,3,A/365F,The interest payment will be postponed on November 9 every year,3,20
2120098.IB,21 Bank of Dongguan 02,2.8888,101.2443,100.5479,100.7552,2.8102,101.4602,11/9/2021,2.7644,100,AAA,11/9/2024,Fixed Interest Rate,Simple interest,3.10%,1,11月9日,3,3,ACT/ACT,The interest payment will be postponed on November 9 every year,3,30
2120101.IB,21 Changjiang Bank Small and Micro Debt 02.,3.9954,100.7562,100,101.0617,3.5916,101.8288,11/22/2021,2.8,100,AA,11/22/2024,Fixed Interest Rate,Simple interest,4.00%,1,11月22日,3,3,ACT/ACT,The interest payment holiday will be postponed every November 22,3,5
2120103.IB,21 Bank of Changsha Green Bonds,2.7414,101.3147,100.7668,100.5516,2.8212,101.1078,11/25/2021,2.8082,100,AAA,11/25/2024,Fixed Interest Rate,Simple interest,3.03%,1,11月25日,3,3,ACT/ACT,"Interest is paid on November 25 every year, holidays are postponed",3,50
2120106.IB,21 Jiaxing Bank Small and Micro Bonds,3.2501,100.7816,100.3729,101.0226,3.0116,101.4405,12/17/2021,2.8685,100,AA+,12/17/2024,Fixed Interest Rate,Simple interest,3.39%,1,12月17日,3,3,A/365F,"Interest is paid on December 17 each year, holidays are postponed",3,10
2120109.IB,21njcb Green Financial Bond 02.,2.9651,99.948,99.5491,100.2582,2.7031,100.6648,12/9/2021,2.8466,100,AAA,12/9/2024,Fixed Interest Rate,Simple interest,2.80%,1,12月9日,3,3,ACT/ACT,The interest payment will be postponed on December 9 every year,3,10
2120111.IB,21 Beibu Gulf Bank Green Bond 02.,3.1986,100.728,100.2669,100.4838,3.1181,100.9539,12/10/2021,2.8493,100,AAA,12/10/2024,Fixed Interest Rate,Simple interest,3.30%,1,12月10日,3,3,A/365F,The interest payment will be postponed on December 10 every year,3,20
2120112.IB,21 Guizhou Bank Green Bonds,3.1181,101.3451,100.8914,100.703,3.1871,101.1661,12/13/2021,2.8575,100,AAA,12/13/2024,Fixed Interest Rate,Simple interest,3.45%,1,12月13日,3,3,ACT/ACT,"Pay interest on December 13 each year, and postpone holidays",3,50
2120116.IB,21njcb 01,2.7094,101.1076,100.7953,100.7181,2.7371,101.0386,12/23/2021,2.8849,100,AAA,12/23/2024,Fixed Interest Rate,Simple interest,3.00%,1,12月23日,3,3,A/365F,The interest payment holiday is postponed on December 23 every year,3,180
2120117.IB,21njcb 02,3.2689,100.3404,100,101.2544,2.9896,101.6038,12/23/2021,4.8849,100,AAA,12/23/2026,Fixed Interest Rate,Simple interest,3.27%,1,12月23日,5,5,A/365F,The interest payment holiday is postponed on December 23 every year,5,20
2120120.IB,21 Shaoxing Bank Small and Micro Bonds,3.3984,100.2888,100,100.5219,3.2079,100.82,12/30/2021,2.9041,100,AA+,12/30/2024,Fixed Interest Rate,Simple interest,3.40%,1,12月30日,3,3,ACT/ACT,"Interest is paid on December 30 every year, holidays are postponed",3,5
2121001.IB,NANXUN BANK 3.7% B240114,3.4863,100.557,100.3948,101.2818,3.0132,101.4541,1/14/2021,1.9452,100,AA,1/14/2024,Fixed Interest Rate,Simple interest,3.70%,1,1月14日,3,3,ACT/ACT,"Interest is paid on January 14 every year, holidays are postponed",3,2
2121004.IB,DRCB 3.58% B240301,2.9048,104.6273,101.3415,101.7041,2.7242,104.9997,3/1/2021,2.0712,100,AAA,3/1/2024,Fixed Interest Rate,Simple interest,3.58%,1,3月1日,3,3,ACT/ACT,"Interest is paid on March 1 each year, and holidays are postponed",3,20
2121005.IB,SHUNDE RURAL COMMERCIAL BANK 3.56% B240312,3.0178,104.2485,101.0884,101.6855,2.7247,104.8554,3/12/2021,2.1014,100,AAA,3/12/2024,Fixed Interest Rate,Simple interest,3.56%,1,3月12日,3,3,ACT/ACT,"Interest is paid on March 12 every year, holidays are postponed",3,10
2121010.IB,XIAMEN RURAL COMMERCIAL BANK 3.70% B240330,3.1796,104.1648,101.0629,101.6512,2.8966,104.7632,3/30/2021,2.1507,100,AA+,3/30/2024,Fixed Interest Rate,Simple interest,3.70%,1,3月30日,3,3,ACT/ACT,"Interest is paid on March 30 every year, and holidays are postponed",3,20
2121013.IB,DRCB 3.52% B240329,2.854,104.3296,101.3689,101.6217,2.7323,104.592,3/29/2021,2.1479,100,AAA,3/29/2024,Fixed Interest Rate,Simple interest,3.52%,1,3月29日,3,3,ACT/ACT,"Pay interest on March 29 every year, and holidays are postponed",3,10
2121015.IB,ZHONGSHAN RURAL COMMERCIAL BANK 3.68% B240406,3.0972,104.2173,101.2027,101.7313,2.8454,104.7559,4/6/2021,2.1699,100,AA+,4/6/2024,Fixed Interest Rate,Simple interest,3.68%,1,4月6日,3,3,ACT/ACT,"Pay interest on April 6 every year, and postpone holidays",3,30
2121022.IB,CHANGSHU BANK 3.38% B240527,3.1357,102.8238,100.5273,101.4148,2.7372,103.7206,5/27/2021,2.3096,100,AA+,5/27/2024,Fixed Interest Rate,Simple interest,3.38%,1,5月27日,3,3,A/365F,"May 27, 27, payment, holiday",3,5
2121024.IB,CHONGQING RURAL COMMERCIAL BANK 3.29% B240607,3.1787,102.3727,100.2365,101.2148,2.7442,103.36,6/7/2021,2.3397,100,AAA,6/7/2024,Fixed Interest Rate,Simple interest,3.29%,1,6月7日,3,3,ACT/ACT,The interest payment holiday will be postponed on June 7 every year,3,10
2121025.IB,CHONGQING RURAL COMMERCIAL BANK 3.29% B240607,2.8431,103.1281,100.9919,101.2148,2.7442,103.36,6/7/2021,2.3397,100,AAA,6/7/2024,Fixed Interest Rate,Simple interest,3.29%,1,6月7日,3,3,ACT/ACT,The interest payment holiday will be postponed on June 7 every year,3,20
2121027.IB,21 Xiaoshan Rural Commercial Small and Micro Bonds,3.3376,102.3444,100.3595,101.2428,2.957,103.2374,7/7/2021,2.4219,100,AA+,7/7/2024,Fixed Interest Rate,Simple interest,3.50%,1,7月7日,3,3,A/365F,The interest payment will be postponed on July 7 every year,3,10
2121035.IB,JRCB 3.18% B240805,3.1692,101.5642,100.0134,100.7176,2.8748,102.2771,8/5/2021,2.5014,100,AA+,8/5/2024,Fixed Interest Rate,Simple interest,3.18%,1,8月5日,3,3,ACT/ACT,"Pay interest on August 5 every year, and postpone holidays",3,10
2121036.IB,YINZHOU BANK 3.2% B240809,3.0683,101.8285,100.303,100.8302,2.8493,102.3645,8/9/2021,2.5123,100,AA+,8/9/2024,Fixed Interest Rate,Simple interest,3.20%,1,8月9日,3,3,ACT/ACT,Interest payment will be postponed on August 9 every year,3,20
2121037.IB,"21 Changshu agriculture, commerce and agriculture debt",3.1396,101.4197,100.013,100.9155,2.7689,102.3308,8/20/2021,2.5425,100,AA+,8/20/2024,Fixed Interest Rate,Simple interest,3.15%,1,8月20日,3,3,A/365F,The interest payment holiday will be postponed on August 20 every year,3,10
2121040.IB,21 Changsha Rural Commercial Small and Micro Bond 01.,3.0492,101.3863,100.1639,100.6291,2.8618,101.86,9/9/2021,2.5973,100,AA+,9/9/2024,Fixed Interest Rate,Simple interest,3.12%,1,9月9日,3,3,A/365F,"Pay interest on September 9 each year, and holidays are postponed",3,20
2121041.IB,21 Rural Commercial Bank of Zhangjiang {ZRC} Small and Micro Bonds 01.,3.1497,101.1803,99.9893,100.6842,2.8709,101.8838,9/14/2021,2.611,100,AA+,9/14/2024,Fixed Interest Rate,Simple interest,3.15%,1,9月14日,3,3,ACT/ACT,The interest payment holiday will be postponed on September 14 every year,3,25
2121042.IB,TRC BANK 3.29% B240917,3.285,101.2168,100,100.8219,2.9558,102.0478,9/17/2021,2.6192,100,AAA,9/17/2024,Fixed Interest Rate,Simple interest,3.29%,1,9月17日,3,3,ACT/ACT,The interest payment will be postponed on September 17 every year,3,20
2121043.IB,21 Huizhou Agricultural and Commercial Small and Micro Bonds,3.5407,101.1799,99.8854,100.8433,3.1554,102.1474,9/17/2021,2.6192,100,AA,9/17/2024,Fixed Interest Rate,Simple interest,3.50%,1,9月17日,3,3,A/365F,The interest payment will be postponed on September 17 every year,3,10
2121046.IB,21 Changji Rural Commercial Green Financial Bonds 01.,4.9388,101.7359,100,101.3228,4.3997,103.0723,9/24/2021,2.6384,100,AA-,9/24/2024,Fixed Interest Rate,Simple interest,4.95%,1,9月24日,3,3,ACT/ACT,The interest payment holiday will be postponed every September 24,3,0.55
2121050.IB,21 Maanshan Rural Commercial Green Financial Bond 01.,3.5953,100.9173,100,100.7831,3.2924,101.7102,10/29/2021,2.7342,100,AA,10/29/2024,Fixed Interest Rate,Simple interest,3.60%,1,10月29日,3,3,A/365F,The interest payment holiday will be postponed on October 29 every year,3,2
2121063.IB,21 Jinhua Chengtai Rural Commercial Sannong Bond 01.,3.498,100.3548,100,100.2841,3.3933,100.6485,12/24/2021,2.8877,100,AA-,12/24/2024,Fixed Interest Rate,Simple interest,3.50%,1,12月24日,3,3,ACT/ACT,"Pay interest on December 24 every year, and postpone holidays",3,1
2126002.IB,HSBC BANK(CHINA) 3.60% B240401,3.0142,104.2023,101.2039,101.7094,2.7721,104.7176,4/1/2021,2.1562,100,AAA,4/1/2024,Fixed Interest Rate,Simple interest,3.60%,1,4月1日,3,3,ACT/ACT,"Interest is paid on April 1 every year, and holidays are postponed",3,20
2126003.IB,OCBC BANK (CHINA) 3.5% B240524,3.1457,103.1735,100.7667,101.5674,2.7852,103.9838,5/24/2021,2.3014,100,AAA,5/24/2024,Fixed Interest Rate,Simple interest,3.50%,1,5月24日,3,3,ACT/ACT,"Pay interest on May 24 every year, and postpone holidays",3,10
2126004.IB,21 Overseas Chinese Yongheng China 02,3.3169,100.6276,100,101.2496,2.848,101.8863,11/22/2021,2.8,100,AAA,11/22/2024,Fixed Interest Rate,Simple interest,3.32%,1,11月22日,3,3,ACT/ACT,The interest payment holiday will be postponed every November 22,3,15
2126005.IB,21 Huashang Bank 01,3.1821,100.914,100.4459,100.4169,3.1927,100.8942,12/10/2021,2.8493,100,AAA,12/10/2024,Fixed Interest Rate,Simple interest,3.35%,1,12月10日,3,3,ACT/ACT,The interest payment will be postponed on December 10 every year,3,20
2126006.IB,21 Nanyang Bank {NCB} 01,3.398,100.3726,100,100.8012,3.1037,101.1831,12/21/2021,2.8795,100,AAA,12/21/2024,Fixed Interest Rate,Simple interest,3.40%,1,12月21日,3,3,ACT/ACT,The interest payment will be postponed on December 21 every year,3,20
2126007.IB,21 Nanyang Bank {NCB} 02,3.7485,100.411,100,100.5989,3.6126,101.0201,12/21/2021,4.8795,100,AAA,12/21/2026,Fixed Interest Rate,Simple interest,3.75%,1,12月21日,5,5,ACT/ACT,The interest payment will be postponed on December 21 every year,5,5
2128003.IB,CCB 3.30% B240126,2.3593,101.843,101.8068,101.3175,2.6104,101.3627,1/26/2021,1.9781,100,AAA,1/26/2024,Fixed Interest Rate,Simple interest,3.30%,1,1月26日,3,3,ACT/ACT,"Interest is paid on January 26 every year, holidays are postponed",3,200
2128004.IB,CMB 3.40% B240315,2.5983,104.6189,101.6288,101.5595,2.631,104.5589,3/15/2021,2.1096,100,AAA,3/15/2024,Fixed Interest Rate,Simple interest,3.40%,1,3月15日,3,3,ACT/ACT,"Pay interest on March 15 every year, and postpone holidays",3,100
2128005.IB,PAB 3.45% B240201,2.6239,105.0245,101.5934,101.5715,2.6341,105.0121,2/1/2021,1.9945,100,AAA,2/1/2024,Fixed Interest Rate,Simple interest,3.45%,1,2月1日,3,3,ACT/ACT,"Pay interest on February 1 every year, and postpone holidays",3,200
2128006.IB,BANK OF CHINA 3.36% B240202,2.5601,104.8787,101.5463,101.4339,2.6166,104.7755,2/2/2021,1.9973,100,AAA,2/2/2024,Fixed Interest Rate,Simple interest,3.36%,1,2月2日,3,3,A/365F,The interest payment on February 2 of each year will be postponed,3,100
2128007.IB,HUAXIA BANK 3.45% B240318,2.6472,104.6415,101.6357,101.6524,2.6381,104.6676,3/18/2021,2.1178,100,AAA,3/18/2024,Fixed Interest Rate,Simple interest,3.45%,1,3月18日,3,3,ACT/ACT,"Pay interest on March 18 every year, and postpone holidays",3,270
2128010.IB,CEB BANK 3.45% B240324,2.6531,104.584,101.635,101.6611,2.6397,104.6196,3/24/2021,2.1342,100,AAA,3/24/2024,Fixed Interest Rate,Simple interest,3.45%,1,3月24日,3,3,A/365F,The interest payment will be postponed on March 24 every year,3,400
2128012.IB,SPD BANK 3.48% B240325,2.6457,104.6796,101.7144,101.7318,2.6363,104.7065,3/25/2021,2.137,100,AAA,3/25/2024,Fixed Interest Rate,Simple interest,3.48%,1,3月25日,3,3,ACT/ACT,"Pay interest on March 25 every year, and postpone holidays",3,600
2128013.IB,BANKCOMM 3.4% B240408,2.5886,104.4634,101.6968,101.5836,2.6409,104.3595,4/8/2021,2.1753,100,AAA,4/8/2024,Fixed Interest Rate,Simple interest,3.40%,1,4月8日,3,3,ACT/ACT,"Pay interest on April 8 every year, and postpone holidays",3,400
2128014.IB,CBHB 3.55% B240408,2.956,104.1207,101.2321,101.7355,2.7172,104.6339,4/8/2021,2.1753,100,AAA,4/8/2024,Fixed Interest Rate,Simple interest,3.55%,1,4月8日,3,3,A/365F,"Pay interest on April 8 every year, and postpone holidays",3,150
2128015.IB,AGRICULTURAL BANK OF CHINA 3.38% B240413,2.5863,104.3734,101.6694,101.4884,2.6702,104.2016,4/13/2021,2.189,100,AAA,4/13/2024,Fixed Interest Rate,Simple interest,3.38%,1,4月13日,3,3,ACT/ACT,"Pay interest on April 13 every year, and postpone holidays",3,200
2128018.IB,CBHB 3.53% B240428,3.3961,102.9525,100.2736,101.6857,2.7393,104.3743,4/28/2021,2.2301,100,AAA,4/28/2024,Fixed Interest Rate,Simple interest,3.53%,1,4月28日,3,3,A/365F,The annual interest payment holiday will be postponed on April 28th,3,100
2128020.IB,CMB 3.18% B240607,2.6483,103.2519,101.1871,101.1946,2.6444,103.2681,6/7/2021,2.3397,100,AAA,6/7/2024,Fixed Interest Rate,Simple interest,3.18%,1,6月7日,3,3,ACT/ACT,The interest payment holiday will be postponed on June 7 every year,3,200
2128023.IB,CNCB B240610,2.6326,103.2945,101.2494,101.1759,2.6642,103.2297,6/10/2021,2.3479,100,AAA,6/10/2024,Fixed Interest Rate,Simple interest,3.19%,1,6月10日,3,3,ACT/ACT,"Pay interest on June 10 every year, and holidays are postponed",3,200
2128024.IB,BANK OF CHINA 2.88% B240728,2.6295,102.0546,100.587,100.522,2.6564,101.9975,7/28/2021,2.4795,100,AAA,7/28/2024,Fixed Interest Rate,Simple interest,2.88%,1,7月28日,3,3,A/365F,"Pay interest on July 28 every year, and holidays are postponed",3,300
2128027.IB,21 small and micro debt of China Merchants Bank 03,2.6716,101.7982,100.5508,100.6383,2.6358,101.8936,8/26/2021,2.5589,100,AAA,8/26/2024,Fixed Interest Rate,Simple interest,2.90%,1,8月26日,3,3,ACT/ACT,"Pay interest on August 26 every year, and postpone holidays",3,100
2128031.IB,21icbc Green Financial Debt 01.,2.778,101.0059,100.047,100.3296,2.6665,101.2962,9/27/2021,2.6466,100,AAA,9/27/2024,Fixed Interest Rate,Simple interest,2.80%,1,9月27日,3,3,ACT/ACT,The interest payment will be postponed on September 27 every year,3,100
2128035.IB,21 Huaxia Bank 02,2.6974,101.5442,100.8718,100.7931,2.7267,101.4738,11/10/2021,2.7671,100,AAA,11/10/2024,Fixed Interest Rate,Simple interest,3.03%,1,11月10日,3,3,ACT/ACT,"Pay interest on November 10 every year, and holidays are postponed",3,400
2128037.IB,21 CMBC 01,2.9596,100.8053,100.1517,100.8432,2.6986,101.5052,11/12/2021,2.7726,100,AAA,11/12/2024,Fixed Interest Rate,Simple interest,3.02%,1,11月12日,3,3,A/365F,"Pay interest on November 12 every year, and holidays are postponed",3,300
2128041.IB,21 CGB Small and Micro Bonds,2.7062,101.4763,100.8537,100.875,2.6979,101.5059,11/16/2021,2.7836,100,AAA,11/16/2024,Fixed Interest Rate,Simple interest,3.03%,1,11月16日,3,3,ACT/ACT,"Interest is paid on November 16 each year, holidays are postponed",3,300
2128046.IB,21 SPD Bank 02,2.6839,101.2172,100.7697,100.6375,2.7323,101.0931,12/6/2021,2.8384,100,AAA,12/6/2024,Fixed Interest Rate,Simple interest,2.97%,1,12月6日,3,3,ACT/ACT,"Pay interest on December 6 every year, and holidays are postponed",3,400
2128048.IB,21minsheng Bank02,2.9999,100.4711,100.0491,100.7968,2.7246,101.2271,12/10/2021,2.8493,100,AAA,12/10/2024,Fixed Interest Rate,Simple interest,3.02%,1,12月10日,3,3,A/365F,The interest payment will be postponed on December 10 every year,3,300
2220001.IB,22 Quanzhou Bank Small and Micro Bonds,3.2973,100.1587,100.005,100.2774,3.1991,100.4402,1/13/2022,2.9425,100,AA+,1/13/2025,Fixed Interest Rate,Simple interest,3.30%,1,1月13日,3,3,ACT/ACT,"Pay interest on January 13 every year, and holidays are postponed",3,20
2220003.IB,22 Tongshang Bank Small and Micro Bonds,3.2194,100.1147,100,100.3604,3.0901,100.4839,1/17/2022,2.9534,100,AA+,1/17/2025,Fixed Interest Rate,Simple interest,3.22%,1,1月17日,3,3,ACT/ACT,"Pay interest on January 17 each year, and holidays are postponed",3,20
2220004.IB,22 Guilin Bank Sannong Bond 01.,3.1994,100.1052,100,100.2002,3.1276,100.3142,1/18/2022,2.9562,100,AAA,1/18/2025,Fixed Interest Rate,Simple interest,3.20%,1,1月18日,3,3,A/365F,"Pay interest on January 18 each year, and holidays are postponed",3,20
2220009.IB,22tailong Small and Micro Bonds,2.9498,100.0404,100,100.0333,2.9379,100.0818,1/25/2022,2.9753,100,AAA,1/25/2025,Fixed Interest Rate,Simple interest,2.95%,1,1月25日,3,3,A/365F,The interest payment will be postponed on January 25 every year,3,30
2221001.IB,22 Maanshan Rural Commercial Green Bond 01.,3.5992,100.1282,100,100.8603,3.2896,100.9984,1/17/2022,2.9534,100,AA,1/17/2025,Fixed Interest Rate,Simple interest,3.60%,1,1月17日,3,3,A/365F,"Pay interest on January 17 each year, and holidays are postponed",3,4
2226001.IB,22 Nanyang Bank {NCB} 01,3.5398,100.0582,100,99.9654,3.5474,100.0333,1/24/2022,4.9726,100,AAA,1/24/2027,Fixed Interest Rate,Simple interest,3.54%,1,1月24日,5,5,ACT/ACT,"Interest is paid on January 24 every year, holidays are postponed",5,10
2228007.IB,22spd Bank 01,2.7,100.0081,99.9713,99.9399,2.711,99.9841,1/25/2022,2.9753,100,AAA,1/25/2025,Fixed Interest Rate,Simple interest,2.69%,1,1月25日,3,3,ACT/ACT,The interest payment will be postponed on January 25 every year,3,250
2228008.IB,22spd Bank02,2.7182,99.9564,99.9196,99.9399,2.711,99.9841,1/25/2022,2.9753,100,AAA,1/25/2025,Fixed Interest Rate,Simple interest,2.69%,1,1月25日,3,3,ACT/ACT,The interest payment will be postponed on January 25 every year,3,50
