Symbol↑,Short Name,"Close (D)
[Trade Date] Last Closing Day
[Price Type] Yield","Closing Price (Full)
[Trade Date] Last Closing Day","Closing Price (Net)
[Trade Date] Last Closing Day","Estimated Clean Price (SHCH)
[Date] Last Closing Day","Estimated Yield (SHCH)
[Date] Last Closing Day","Estimated Dirty Price (SHCH)
[Date] Last Closing Day","Estimated Yield (CSI)
[Date] Last Closing Day
[Credibility] Recommended","Estimated Clean Price (CSI)
[Date] Last Closing Day
[Credibility] Recommended","Estimated Dirty Price (CSI)
[Date] Last Closing Day
[Credibility] Recommended",Dated Date,"Remaining Maturity (Year)
[Date] Most Recent
[Unit] Yearly",Initial Face Value,Latest Bond Rating,Maturity Date,Coupon Type,Interest Accrual Method,Coupon Description,Coupon Frequency,"Coupon Date (Y)
[N] 1","Bond Term (Year)
[Unit] Yearly",Maturities (Text),Interest Reference,Coupon Date Description,"Bond Term (Year)
[Unit] Yearly","Issue Amount
[Unit] (100M)"
1105001.IB,ICBC 5.56% B310630,5.5584,103.2346,99.9748,111.1956,4.0988,114.4706,,,,2011-06-30,9.4027,100.0000,AAA,2031-06-30,Fixed Interest Rate,Simple interest,5.56%,1,6月30日,20.0000,15+5,ACT/ACT,"Pay interest on June 30 every year, and postpone holidays",20.0000,380.0000
1120004.IB,BANK OF SHANGHAI 5.8% B260524,4.0164,110.8995,106.9110,110.9368,3.0487,114.9412,,,,2011-05-24,4.3014,100.0000,AAA,2026-05-24,Fixed Interest Rate,Simple interest,5.8%,1,5月24日,15.0000,15,ACT/ACT,"Pay interest on May 24 every year, and postpone holidays",15.0000,25.0000
1205001.IB,ICBC 4.99% B270613,4.7790,104.1095,100.9514,100.9497,4.7793,104.1214,,,,2012-06-13,5.3562,100.0000,AAA,2027-06-13,Fixed Interest Rate,Simple interest,4.99%,1,6月13日,15.0000,10+5,ACT/ACT,The interest payment will be postponed on June 13 every year,15.0000,200.0000
1206002.IB,BANK OF CHINA 4.99% B271129,4.9866,100.8476,100.0000,101.9883,4.5902,102.8496,,,,2012-11-29,5.8192,100.0000,AAA,2027-11-29,Fixed Interest Rate,Simple interest,4.99%,1,11月29日,15.0000,10+5,ACT/ACT,"Pay interest on November 29 every year, and holidays are postponed",15.0000,180.0000
1207001.IB,CCB 4.99% B271122,4.5778,102.9884,102.0451,101.9281,4.6007,102.8851,,,,2012-11-22,5.8000,100.0000,AAA,2027-11-22,Fixed Interest Rate,Simple interest,4.99%,1,11月22日,15.0000,10+5,ACT/ACT,The interest payment holiday will be postponed every November 22,15.0000,400.0000
1209002.IB,SPDB 5.20% B271228,4.5521,103.7528,103.2827,102.8476,4.6359,103.3320,,,,2012-12-28,5.8986,100.0000,AAA,2027-12-28,Fixed Interest Rate,Simple interest,5.20%,1,12月28日,15.0000,10+5,ACT/ACT,"Pay interest on December 28 every year, and postpone holidays",15.0000,120.0000
1211003.IB,CHINA MERCHANTS BANK 5.20% B271228,5.1978,100.4701,100.0000,102.8935,4.6270,103.3779,,,,2012-12-28,5.8986,100.0000,AAA,2027-12-28,Fixed Interest Rate,Simple interest,5.20%,1,12月28日,15.0000,10+5,ACT/ACT,"Pay interest on December 28 every year, and postpone holidays",15.0000,117.0000
1212001.IB,CNCB 5.15% B270621,5.1000,103.3464,100.2000,101.1253,4.9009,104.2859,,,,2012-06-21,5.3781,100.0000,AAA,2027-06-21,Fixed Interest Rate,Simple interest,5.15%,1,6月21日,15.0000,10+5,ACT/ACT,"Pay interest on June 21 every year, and holidays are postponed",15.0000,200.0000
1218003.IB,CEB 5.25% B270608,5.0463,104.3000,100.9055,101.2082,4.9809,104.6171,,,,2012-06-08,5.3425,100.0000,AAA,2027-06-08,Fixed Interest Rate,Simple interest,5.25%,1,6月8日,15.0000,10+5,ACT/ACT,"Pay interest on June 8 every year, and postpone holidays",15.0000,67.0000
1219001.IB,CGB 5.6% B271228,4.4501,106.3582,105.8519,102.8031,5.0373,103.3247,,,,2012-12-28,5.8986,100.0000,AAA,2027-12-28,Fixed Interest Rate,Simple interest,5.6%,1,12月28日,15.0000,10+5,ACT/ACT,"Pay interest on December 28 every year, and postpone holidays",15.0000,45.0000
1220002.IB,ZHEJIANG TAILONG COMMERCIAL BANK 8.1% B270307,-0.7919,108.1845,100.8834,100.4576,7.9805,107.7809,,,,2012-03-07,5.0877,100.0000,AA+,2027-03-07,Fixed Interest Rate,Simple interest,8.1%,1,3月7日,15.0000,10+5,ACT/ACT,"Interest is paid on March 7 every year, holidays are postponed",15.0000,6.5000
1220019.IB,BANK OF NINGBO 5.75% B271126,5.1536,103.9382,102.9142,102.6044,5.2152,103.6441,,,,2012-11-26,5.8110,100.0000,AAA,2027-11-26,Fixed Interest Rate,Simple interest,5.75%,1,11月26日,15.0000,10+5,ACT/ACT,The interest payment will be postponed on November 26 every year,15.0000,30.0000
1220023.IB,BANK OF SHANGHAI 5.35% B271207,4.9528,102.7515,101.9600,102.5318,4.8395,103.3380,,,,2012-12-07,5.8411,100.0000,AAA,2027-12-07,Fixed Interest Rate,Simple interest,5.35%,1,12月7日,15.0000,10+5,ACT/ACT,"Interest is paid on December 7 every year, holidays are postponed",15.0000,50.0000
1220029.IB,BANK OF GUIYANG 6.5% B221228,2.0954,104.5081,103.9204,103.1217,2.9478,103.7272,,,,2012-12-28,0.8986,100.0000,AA+,2022-12-28,Fixed Interest Rate,Simple interest,6.5%,1,12月28日,10.0000,5+5,ACT/ACT,"Pay interest on December 28 every year, and postpone holidays",10.0000,12.0000
1220030.IB,BANK OF TIANJIN 5.9% B221228,3.4852,102.6460,102.1126,102.4883,3.0630,103.0379,,,,2012-12-28,0.8986,100.0000,AA+,2022-12-28,Fixed Interest Rate,Simple interest,5.9%,1,12月28日,10.0000,5+5,ACT/ACT,"Pay interest on December 28 every year, and postpone holidays",10.0000,15.0000
1220031.IB,BANK OF TIANJIN 5.99% B271228,5.6013,102.4392,101.8976,102.8256,5.4156,103.3836,,,,2012-12-28,5.8986,100.0000,AA+,2027-12-28,Fixed Interest Rate,Simple interest,5.99%,1,12月28日,15.0000,10+5,ACT/ACT,"Pay interest on December 28 every year, and postpone holidays",15.0000,12.0000
1224002.IB,CBHB 5.68% B270723,5.3276,104.5723,101.6000,101.2841,5.3948,104.2719,,,,2012-07-23,5.4658,100.0000,AAA,2027-07-23,Fixed Interest Rate,Simple interest,5.68%,1,7月23日,15.0000,10+5,ACT/ACT,"Pay interest on July 23 every year, and holidays are postponed",15.0000,9.5000
1225001.IB,AGRICULTURAL BANK OF CHINA 4.99% B271220,4.5129,102.9693,102.4088,102.2218,4.5490,102.7959,,,,2012-12-20,5.8767,100.0000,AAA,2027-12-20,Fixed Interest Rate,Simple interest,4.99%,1,12月20日,15.0000,10+5,ACT/ACT,"Pay interest on December 20 every year, and postpone holidays",15.0000,500.0000
1320015.IB,BANK OF NINGBO 5.13% B230418,2.6611,106.9330,102.8993,102.9477,2.6160,106.9954,,,,2013-04-18,1.2027,100.0000,AAA,2023-04-18,Fixed Interest Rate,Simple interest,5.13%,1,4月18日,10.0000,10,ACT/ACT,"Pay interest on April 18 every year, and postpone holidays",10.0000,30.0000
1720012.IB,NJCB 4.60% B220427,2.2294,104.0471,100.5435,100.5281,2.2672,104.0442,,,,2017-04-27,0.2274,100.0000,AAA,2022-04-27,Fixed Interest Rate,Simple interest,4.60%,1,4月27日,5.0000,5,A/365F,"April 27, April 27, payment, holiday",5.0000,10.0000
1720017.IB,BOB 4.50% B220419,0.9623,104.2828,100.7568,100.4354,2.3686,103.9737,,,,2017-04-19,0.2055,100.0000,AAA,2022-04-19,Fixed Interest Rate,Simple interest,4.50%,1,4月19日,5.0000,5,ACT/ACT,"April 19, April 19, payment, holiday",5.0000,30.0000
1720018.IB,BANK OF GANSU 5.00% B220419,2.2377,104.4939,100.5761,100.4436,2.8018,104.3751,,,,2017-04-19,0.2055,100.0000,AAA,2022-04-19,Fixed Interest Rate,Simple interest,5.00%,1,4月19日,5.0000,5,ACT/ACT,"April 19, April 19, payment, holiday",5.0000,10.0000
1720022.IB,HARBIN BANK 4.75% B220510,4.5918,103.4486,100.0000,100.4365,3.0230,103.8981,,,,2017-05-10,0.2630,100.0000,AAA,2022-05-10,Fixed Interest Rate,Simple interest,4.75%,1,5月10日,5.0000,5,A/365F,"Pay interest on May 10 every year, and postpone holidays",5.0000,10.0000
1720032.IB,LESHAN CITY COMMERCIAL BANK 5.60% B220605,5.4021,103.6668,100.0000,100.6515,3.5441,104.3337,,,,2017-06-05,0.3342,100.0000,AA,2022-06-05,Fixed Interest Rate,Simple interest,5.60%,1,6月5日,5.0000,5,ACT/ACT,The interest payment will be postponed on the 5th of June every year,5.0000,2.0000
1720048.IB,CHONGQING THREE CORGES BANK 5.15% B220728,2.3055,103.9744,101.3500,101.1791,2.6317,103.8176,,,,2017-07-28,0.4795,100.0000,AA+,2022-07-28,Fixed Interest Rate,Simple interest,5.15%,1,7月28日,5.0000,5,A/365F,"Pay interest on July 28 every year, and holidays are postponed",5.0000,10.0000
1720050.IB,LESHAN CITY COMMERCIAL BANK 5.49% B220811,7.7682,101.3279,98.7408,100.9198,3.6142,103.5219,,,,2017-08-11,0.5178,100.0000,AA,2022-08-11,Fixed Interest Rate,Simple interest,5.49%,1,8月11日,5.0000,5,ACT/ACT,"Pay interest on August 11 every year, and postpone holidays",5.0000,5.0000
1720052.IB,BANK OF JIANGSU 4.50% B220728,0.9902,103.9950,101.7018,101.0718,2.2270,103.3773,,,,2017-07-28,0.4795,100.0000,AAA,2022-07-28,Fixed Interest Rate,Simple interest,4.50%,1,7月28日,5.0000,5,ACT/ACT,"Pay interest on July 28 every year, and holidays are postponed",5.0000,40.0000
1720054.IB,BANK OF GUIYANG 4.96% B220811,3.0129,103.3141,100.9768,101.2838,2.4311,103.6347,,,,2017-08-11,0.5178,100.0000,AAA,2022-08-11,Fixed Interest Rate,Simple interest,4.96%,1,8月11日,5.0000,5,ACT/ACT,"Pay interest on August 11 every year, and postpone holidays",5.0000,5.0000
1721004.IB,ZHUHAI RURAL COMMERCIAL BANK 4.99% B220309,-7.0383,105.7650,101.2945,100.2439,2.4677,104.7280,,,,2017-03-09,0.0932,100.0000,AA,2022-03-09,Fixed Interest Rate,Simple interest,4.99%,1,3月9日,5.0000,5,ACT/ACT,"Pay interest on March 9 every year, and holidays are postponed",5.0000,5.0000
1721051.IB,ZHUHAI RURAL COMMERCIAL BANK 5.2% B220919,1.6354,104.1177,102.2229,101.5267,2.6951,103.4357,,,,2017-09-19,0.6247,100.0000,AA,2022-09-19,Fixed Interest Rate,Simple interest,5.2%,1,9月19日,5.0000,5,ACT/ACT,"Interest is paid on September 19 each year, holidays are postponed",5.0000,5.0000
1726001.IB,NANYANG COMMERCIAL BANK (CHINA) 5.03% B220314,1.8150,104.8059,100.3685,100.3082,2.2445,104.7594,,,,2017-03-14,0.1068,100.0000,AAA,2022-03-14,Fixed Interest Rate,Simple interest,5.03%,1,3月14日,5.0000,5,A/365F,"Pay interest on March 14 every year, and holidays are postponed",5.0000,25.0000
1820013.IB,BANK OF JIANGSU 5.0% B230402,2.5580,106.9214,102.7707,102.8869,2.4533,107.0513,,,,2018-04-02,1.1589,100.0000,AAA,2023-04-02,Fixed Interest Rate,Simple interest,5.0%,1,4月2日,5.0000,5,ACT/ACT,"Pay interest on April 2 every year, and postpone holidays",5.0000,50.0000
1820039.IB,NJCB 4.50% B230730,2.7651,104.7616,102.4931,102.8583,2.5159,105.1391,,,,2018-07-30,1.4849,100.0000,AAA,2023-07-30,Fixed Interest Rate,Simple interest,4.50%,1,7月30日,5.0000,5,ACT/ACT,The interest payment holiday is postponed on July 30 every year,5.0000,20.0000
1820069.IB,NJBK 4.22% B231112,2.6577,103.5908,102.6774,102.8091,2.5804,103.7340,,,,2018-11-12,1.7726,100.0000,AAA,2023-11-12,Fixed Interest Rate,Simple interest,4.22%,1,11月12日,5.0000,5,ACT/ACT,"Pay interest on November 12 every year, and holidays are postponed",5.0000,30.0000
1820092.IB,CHONGQING THREE GORGES BANK 4.35% B231227,3.3525,102.2125,101.8073,102.1297,3.1764,102.5469,,,,2018-12-27,1.8959,100.0000,AA+,2023-12-27,Fixed Interest Rate,Simple interest,4.35%,1,12月27日,5.0000,5,A/365F,"Pay interest on December 27 every year, and holidays are postponed",5.0000,10.0000
1821030.IB,HEBEI XINGTAI RURAL COMMERCIAL BANK 5.60% B230815,5.5738,102.5775,100.0000,102.8056,3.6722,105.3985,,,,2018-08-15,1.5288,100.0000,A+,2023-08-15,Fixed Interest Rate,Simple interest,5.60%,1,8月15日,5.0000,5,A/365F,"Pay interest on August 15 each year, and postpone holidays",5.0000,2.5000
1826006.IB,NANYANG COMMERCIAL BANK CHINA 4.40% B231018,2.8445,103.8094,102.5557,102.7229,2.7431,103.9886,,,,2018-10-18,1.7041,100.0000,AAA,2023-10-18,Fixed Interest Rate,Simple interest,4.40%,1,10月18日,5.0000,5,A/365F,"Pay interest on October 18 each year, and holidays are postponed",5.0000,5.0000
1826007.IB,NANYANG COMMERCIAL BANK CHINA 4.35% B231115,2.8427,103.4930,102.5872,102.7314,2.7586,103.6491,,,,2018-11-15,1.7808,100.0000,AAA,2023-11-15,Fixed Interest Rate,Simple interest,4.35%,1,11月15日,5.0000,5,A/365F,"Pay interest on November 15 every year, and holidays are postponed",5.0000,20.0000
1920005.IB,19 Fuxin Bank,-24.6933,104.2822,100.3260,100.0067,3.0607,103.9738,,,,2019-01-31,,100.0000,AA-,2022-01-31,Fixed Interest Rate,Simple interest,4.00%,1,1月31日,3.0000,3,ACT/ACT,The interest payment holiday is postponed every year on January 31,3.0000,15.0000
1920006.IB,NJBK 3.42% B220222,2.3204,103.2690,100.0645,100.0812,2.0059,103.2951,,,,2019-02-22,0.0521,100.0000,AAA,2022-02-22,Fixed Interest Rate,Simple interest,3.42%,1,2月22日,3.0000,3,ACT/ACT,The interest payment holiday will be postponed on February 22 every year,3.0000,70.0000
1920007.IB,NJBK 3.75% B240222,2.8057,105.3781,101.8644,102.1987,2.6381,105.7227,,,,2019-02-22,2.0521,100.0000,AAA,2024-02-22,Fixed Interest Rate,Simple interest,3.75%,1,2月22日,5.0000,5,ACT/ACT,The interest payment holiday will be postponed on February 22 every year,5.0000,30.0000
1920008.IB,FUJIAN HAIXIA BANK 3.54% B220225,2.3536,103.3667,100.0789,100.0680,2.4649,103.3655,,,,2019-02-25,0.0603,100.0000,AA+,2022-02-25,Fixed Interest Rate,Simple interest,3.54%,1,2月25日,3.0000,3,A/365F,"Pay interest on February 25 every year, and postpone holidays",3.0000,15.0000
1920009.IB,BANK OF RIZHAO 3.70% B220228,1.8573,103.5472,100.1412,100.0919,2.4166,103.5081,,,,2019-02-28,0.0685,100.0000,AA+,2022-02-28,Fixed Interest Rate,Simple interest,3.70%,1,2月28日,3.0000,3,ACT/ACT,"Pay interest on February 28 every year, and postpone holidays",3.0000,30.0000
1920010.IB,BANK OF LIUZHOU 3.75% B220306,1.7186,103.5793,100.1889,100.0610,2.9912,103.4617,,,,2019-03-06,0.0849,100.0000,AA+,2022-03-06,Fixed Interest Rate,Simple interest,3.75%,1,3月6日,3.0000,3,ACT/ACT,"Interest is paid on March 6 every year, holidays are postponed",3.0000,10.0000
1920011.IB,HUARONG XIANGJIANG BANK 3.60% B220307,2.5568,103.3394,100.0945,99.9953,3.5342,103.2501,,,,2019-03-07,0.0877,100.0000,AAA,2022-03-07,Fixed Interest Rate,Simple interest,3.60%,1,3月7日,3.0000,3,ACT/ACT,"Interest is paid on March 7 every year, holidays are postponed",3.0000,35.0000
1920012.IB,BANK OF SHANGRAO 3.70% B220307,2.0495,103.4908,100.1557,100.0879,2.6906,103.4331,,,,2019-03-07,0.0877,100.0000,AA+,2022-03-07,Fixed Interest Rate,Simple interest,3.7%,1,3月7日,3.0000,3,ACT/ACT,"Interest is paid on March 7 every year, holidays are postponed",3.0000,15.0000
1920013.IB,HUISHANG BANK 3.52% B220308,2.2053,103.2891,100.1259,100.1111,2.3176,103.2839,,,,2019-03-08,0.0904,100.0000,AAA,2022-03-08,Fixed Interest Rate,Simple interest,3.52%,1,3月8日,3.0000,3,ACT/ACT,The interest payment will be postponed on March 8 every year,3.0000,90.0000
1920014.IB,HUISHANG BANK 3.80% B240308,2.9113,105.1963,101.7815,101.9284,2.8382,105.3536,,,,2019-03-08,2.0904,100.0000,AAA,2024-03-08,Fixed Interest Rate,Simple interest,3.80%,1,3月8日,5.0000,5,ACT/ACT,The interest payment will be postponed on March 8 every year,5.0000,10.0000
1920016.IB,ZHEJIANG MINTAI COMMERCIAL BANK 3.80% B220305,1.2104,103.6831,100.2371,100.0929,2.6773,103.5494,,,,2019-03-05,0.0822,100.0000,AA+,2022-03-05,Fixed Interest Rate,Simple interest,3.80%,1,3月5日,3.0000,3,ACT/ACT,"Pay interest on March 5 every year, and postpone holidays",3.0000,15.0000
1920018.IB,BANK OF HUZHOU 3.75% B220326,2.7129,103.3276,100.1427,100.1505,2.6443,103.3457,,,,2019-03-26,0.1397,100.0000,AA,2022-03-26,Fixed Interest Rate,Simple interest,3.75%,1,3月26日,3.0000,3,ACT/ACT,"March 26, March 26, payment, holiday",3.0000,5.0000
1920021.IB,BANK OF LANZHOU 3.58% B220404,2.4380,103.1391,100.1868,100.2547,2.0385,103.2168,,,,2019-04-04,0.1644,100.0000,AAA,2022-04-04,Fixed Interest Rate,Simple interest,3.58%,1,4月4日,3.0000,3,A/365F,The interest payment will be postponed on April 4 every year,3.0000,20.0000
1920022.IB,BANK OF JILIN 3.7% B220404,2.9014,103.1751,100.1239,100.0759,3.1613,103.1372,,,,2019-04-04,0.1644,100.0000,AAA,2022-04-04,Fixed Interest Rate,Simple interest,3.7%,1,4月4日,3.0000,3,A/365F,The interest payment will be postponed on April 4 every year,3.0000,20.0000
1920023.IB,BANK OF LIUZHOU 3.99% B220412,2.5004,103.4796,100.2767,100.1533,3.0977,103.3672,,,,2019-04-12,0.1863,100.0000,AA+,2022-04-12,Fixed Interest Rate,Simple interest,3.99%,1,4月12日,3.0000,3,ACT/ACT,"Pay interest on April 12 every year, and postpone holidays",3.0000,10.0000
1920025.IB,BANK OF GUANGZHOU 3.65% B220416,2.1409,103.1900,100.3000,100.2664,2.2814,103.1664,,,,2019-04-16,0.1973,100.0000,AAA,2022-04-16,Fixed Interest Rate,Simple interest,3.65%,1,4月16日,3.0000,3,A/365F,"April 16, 16, payment, holiday",3.0000,50.0000
1920026.IB,BANK OF QINGHAI 3.77% B220412,5.5786,102.6405,99.6142,100.1765,2.7734,103.2132,,,,2019-04-12,0.1863,100.0000,AA+,2022-04-12,Fixed Interest Rate,Simple interest,3.77%,1,4月12日,3.0000,3,A/365F,"Pay interest on April 12 every year, and postpone holidays",3.0000,15.0000
1920028.IB,LESHAN CITY COMMERCIAL BANK 4.15% B220423,2.8084,103.4891,100.2828,100.1218,3.4911,103.3395,,,,2019-04-23,0.2164,100.0000,AA,2022-04-23,Fixed Interest Rate,Simple interest,4.15%,1,4月23日,3.0000,3,A/365F,The interest payment holiday will be postponed on April 23 every year,3.0000,25.0000
1920029.IB,BANK OF JIANGSU 3.60% B220422,2.3319,103.0601,100.2689,100.3014,2.1743,103.1025,,,,2019-04-22,0.2137,100.0000,AAA,2022-04-22,Fixed Interest Rate,Simple interest,3.60%,1,4月22日,3.0000,3,ACT/ACT,"Interest is paid on April 22 every year, holidays are postponed",3.0000,100.0000
1920030.IB,HUARONG XIANGJIANG BANK 3.70% B220425,2.6671,103.0599,100.2215,99.9373,3.8646,102.7858,,,,2019-04-25,0.2219,100.0000,AAA,2022-04-25,Fixed Interest Rate,Simple interest,3.70%,1,4月25日,3.0000,3,ACT/ACT,The interest payment will be postponed on April 25 every year,3.0000,30.0000
1920031.IB,BANK OF XI'AN 3.85% B220424,1.8505,103.4096,100.4456,100.3167,2.3791,103.2912,,,,2019-04-24,0.2192,100.0000,AAA,2022-04-24,Fixed Interest Rate,Simple interest,3.85%,1,4月24日,3.0000,3,ACT/ACT,"Pay interest on April 24 every year, and postpone holidays",3.0000,20.0000
1920033.IB,ZHEJIANG TAILONG COMMERCIAL BANK 3.88% B220429,2.4281,103.2686,100.3347,100.3146,2.4939,103.2591,,,,2019-04-29,0.2329,100.0000,AAA,2022-04-29,Fixed Interest Rate,Simple interest,3.88%,1,4月29日,3.0000,3,A/365F,The annual interest payment holiday is extended on April 29th,3.0000,30.0000
1920035.IB,XIAMEN BANK 3.69% B220520,2.2945,102.9779,100.4000,100.3491,2.4490,102.9372,,,,2019-05-20,0.2904,100.0000,AAA,2022-05-20,Fixed Interest Rate,Simple interest,3.69%,1,5月20日,3.0000,3,A/365F,"Interest payment on May 20 every year, holidays will be postponed",3.0000,30.0000
1920036.IB,BANK OF QINGDAO 3.65% B220522,2.3667,102.9027,100.3727,100.3550,2.4127,102.8950,,,,2019-05-22,0.2959,100.0000,AAA,2022-05-22,Fixed Interest Rate,Simple interest,3.65%,1,5月22日,3.0000,3,ACT/ACT,"Pay interest on May 22 every year, and holidays are postponed",3.0000,30.0000
1920037.IB,BANK OF QINGDAO 3.98% B240522,3.7781,103.1812,100.4225,102.4967,2.8399,105.2663,,,,2019-05-22,2.2959,100.0000,AAA,2024-05-22,Fixed Interest Rate,Simple interest,3.98%,1,5月22日,5.0000,5,ACT/ACT,"Pay interest on May 22 every year, and holidays are postponed",5.0000,10.0000
1920038.IB,ZHEJIANG TAILONG COMMERCIAL BANK 3.70% B220524,2.4507,102.9123,100.3679,100.3428,2.5198,102.8973,,,,2019-05-24,0.3014,100.0000,AAA,2022-05-24,Fixed Interest Rate,Simple interest,3.70%,1,5月24日,3.0000,3,A/365F,"Pay interest on May 24 every year, and postpone holidays",3.0000,20.0000
1920041.IB,BANK OF QINGDAO 3.70% B220531,2.3538,102.8971,100.4237,100.3982,2.4190,102.8818,,,,2019-05-31,0.3205,100.0000,AAA,2022-05-31,Fixed Interest Rate,Simple interest,3.70%,1,5月31日,3.0000,3,ACT/ACT,"Pay interest on May 31 every year, and holidays are postponed",3.0000,30.0000
1920042.IB,BANK OF QINGDAO 3.98% B240531,2.9526,104.9301,102.2695,102.5136,2.8437,105.1851,,,,2019-05-31,2.3205,100.0000,AAA,2024-05-31,Fixed Interest Rate,Simple interest,3.98%,1,5月31日,5.0000,5,ACT/ACT,"Pay interest on May 31 every year, and holidays are postponed",5.0000,10.0000
1920043.IB,BANK OF ZHENGZHOU 3.70% B220605,2.5111,102.8088,100.3861,100.5023,2.1695,102.9352,,,,2019-06-05,0.3342,100.0000,AAA,2022-06-05,Fixed Interest Rate,Simple interest,3.70%,1,6月5日,3.0000,3,ACT/ACT,The interest payment will be postponed on the 5th of June every year,3.0000,20.0000
1920044.IB,BANK OF JIAXING 4.23% B220617,2.5366,103.2399,100.6092,100.4904,2.8345,103.1327,,,,2019-06-17,0.3671,100.0000,AA,2022-06-17,Fixed Interest Rate,Simple interest,4.23%,1,6月17日,3.0000,3,A/365F,"Pay interest on June 17 each year, and holidays are postponed",3.0000,10.0000
1920045.IB,HZBANK 3.60% B220705,2.3627,102.5643,100.5029,100.4915,2.3816,102.5627,,,,2019-07-05,0.4164,100.0000,AAA,2022-07-05,Fixed Interest Rate,Simple interest,3.60%,1,7月5日,3.0000,3,A/365F,"Pay interest on July 5 every year, and holidays are postponed",3.0000,100.0000
1920047.IB,BANK OF NINGBO 3.46% B220812,2.5186,102.0933,100.4723,100.5633,2.3433,102.1937,,,,2019-08-12,0.5205,100.0000,AAA,2022-08-12,Fixed Interest Rate,Simple interest,3.46%,1,8月12日,3.0000,3,ACT/ACT,The interest payment holiday will be postponed on August 12 every year,3.0000,60.0000
1920050.IB,CHINA RESOURCES BANK OF ZHUHAI 3.66% B220828,2.6837,102.0838,100.5296,100.6637,2.4464,102.2280,,,,2019-08-28,0.5644,100.0000,AAA,2022-08-28,Fixed Interest Rate,Simple interest,3.66%,1,8月28日,3.0000,3,A/365F,The interest payment holiday will be postponed on August 28 every year,3.0000,30.0000
1920052.IB,ZHEJIANG MINTAI COMMERCIAL BANK 4.3% B220829,2.7782,102.6514,100.8372,100.7416,2.9356,102.5676,,,,2019-08-29,0.5671,100.0000,AA+,2022-08-29,Fixed Interest Rate,Simple interest,4.3%,1,8月29日,3.0000,3,ACT/ACT,"Pay interest on August 29 every year, and postpone holidays",3.0000,8.0000
1920053.IB,XIAMEN BANK 3.69% B220909,2.3735,102.2144,100.7687,100.6518,2.5596,102.1075,,,,2019-09-09,0.5973,100.0000,AAA,2022-09-09,Fixed Interest Rate,Simple interest,3.69%,1,9月9日,3.0000,3,A/365F,"Pay interest on September 9 each year, and holidays are postponed",3.0000,15.0000
1920054.IB,BANK OF GUIYANG 3.55% B220912,2.5807,101.9285,100.5669,100.6363,2.4636,102.0077,,,,2019-09-12,0.6055,100.0000,AAA,2022-09-12,Fixed Interest Rate,Simple interest,3.55%,1,9月12日,3.0000,3,ACT/ACT,"Pay interest on September 12 every year, and holidays are postponed",3.0000,30.0000
1920056.IB,CHINA RESOURCES BANK OF ZHUHAI 3.55% B220920,2.7377,101.7714,100.4876,100.6615,2.4612,101.9550,,,,2019-09-20,0.6274,100.0000,AAA,2022-09-20,Fixed Interest Rate,Simple interest,3.55%,1,9月20日,3.0000,3,A/365F,"Pay interest on September 20 each year, and postpone holidays",3.0000,5.0000
1920057.IB,QLB 3.59% B220920,2.6199,101.8860,100.5877,100.6974,2.4437,102.0056,,,,2019-09-20,0.6274,100.0000,AAA,2022-09-20,Fixed Interest Rate,Simple interest,3.59%,1,9月20日,3.0000,3,A/365F,"Pay interest on September 20 each year, and postpone holidays",3.0000,30.0000
1920060.IB,GUANGXI BEIBU GULF BANK 4.0% B221015,2.8500,101.9463,100.7737,100.7948,2.8155,101.9784,,,,2019-10-15,0.6959,100.0000,AAA,2022-10-15,Fixed Interest Rate,Simple interest,4.0%,1,10月15日,3.0000,3,ACT/ACT,The interest payment holiday will be postponed on October 15 every year,3.0000,20.0000
1920061.IB,BANK OF NINGBO 3.46% B221016,2.6428,101.5555,100.5507,100.7836,2.3099,101.7979,,,,2019-10-16,0.6986,100.0000,AAA,2022-10-16,Fixed Interest Rate,Simple interest,3.46%,1,10月16日,3.0000,3,ACT/ACT,The interest payment holiday will be postponed on October 16 every year,3.0000,60.0000
1920062.IB,BANK OF NINGBO 3.80% B241016,2.7058,103.9154,102.8118,102.8085,2.7059,103.9225,,,,2019-10-16,2.6986,100.0000,AAA,2024-10-16,Fixed Interest Rate,Simple interest,3.80%,1,10月16日,5.0000,5,ACT/ACT,The interest payment holiday will be postponed on October 16 every year,5.0000,10.0000
1920063.IB,NCBANK 3.70% B221022,2.7377,101.6790,100.6653,100.5586,2.8821,101.5824,,,,2019-10-22,0.7151,100.0000,AA+,2022-10-22,Fixed Interest Rate,Simple interest,3.70%,1,10月22日,3.0000,3,ACT/ACT,The interest payment will be postponed on October 22 every year,3.0000,15.0000
1920064.IB,LESHAN CITY COMMERCIAL BANK 4.30% B221025,3.1515,101.9411,100.7984,100.7099,3.2686,101.8644,,,,2019-10-25,0.7233,100.0000,AA,2022-10-25,Fixed Interest Rate,Simple interest,4.30%,1,10月25日,3.0000,3,ACT/ACT,"Pay interest on October 25 each year, and holidays are postponed",3.0000,10.0000
1920067.IB,XIAMEN BANK 3.80% B221111,2.5021,101.8109,100.9780,100.8852,2.6171,101.7285,,,,2019-11-11,0.7699,100.0000,AAA,2022-11-11,Fixed Interest Rate,Simple interest,3.80%,1,11月11日,3.0000,3,A/365F,The interest payment on November 11 of each year will be postponed,3.0000,15.0000
1920068.IB,BANK OF CHANGSHA 3.64% B221111,2.5370,101.6268,100.8290,100.8000,2.5705,101.6078,,,,2019-11-11,0.7699,100.0000,AAA,2022-11-11,Fixed Interest Rate,Simple interest,3.64%,1,11月11日,3.0000,3,ACT/ACT,The interest payment on November 11 of each year will be postponed,3.0000,35.0000
1920069.IB,CHINESE MERCANTILE BANK 3.85% B221113,2.5458,101.8120,100.9893,100.8511,2.7180,101.6844,,,,2019-11-13,0.7753,100.0000,AAA,2022-11-13,Fixed Interest Rate,Simple interest,3.85%,1,11月13日,3.0000,3,ACT/ACT,"Pay interest on November 13 every year, and holidays are postponed",3.0000,40.0000
1920072.IB,NCBANK 3.80% B221126,2.5894,101.6369,100.9602,100.7037,2.9006,101.3908,,,,2019-11-26,0.8110,100.0000,AA+,2022-11-26,Fixed Interest Rate,Simple interest,3.80%,1,11月26日,3.0000,3,ACT/ACT,The interest payment will be postponed on November 26 every year,3.0000,10.0000
1920075.IB,GUANGXI BEIBU GULF BANK 4.0% B221129,3.0694,101.4159,100.7364,100.9603,2.7933,101.6507,,,,2019-11-29,0.8192,100.0000,AAA,2022-11-29,Fixed Interest Rate,Simple interest,4.0%,1,11月29日,3.0000,3,ACT/ACT,"Pay interest on November 29 every year, and holidays are postponed",3.0000,10.0000
1920077.IB,BANK OF XI'AN 3.56% B221128,2.6792,101.3141,100.6996,100.7381,2.6292,101.3623,,,,2019-11-28,0.8164,100.0000,AAA,2022-11-28,Fixed Interest Rate,Simple interest,3.56%,1,11月28日,3.0000,3,ACT/ACT,"November 28th, payment, holiday",3.0000,20.0000
1920080.IB,BANK OF QINGDAO 3.45% B221205,2.5784,101.2401,100.7108,100.6475,2.6512,101.1863,,,,2019-12-05,0.8356,100.0000,AAA,2022-12-05,Fixed Interest Rate,Simple interest,3.45%,1,12月5日,3.0000,3,ACT/ACT,The interest payment will be postponed on December 5 every year,3.0000,30.0000
1920081.IB,BANK OF QINGDAO 3.84% B241205,3.0710,102.6476,102.0584,102.3604,2.9596,102.9601,,,,2019-12-05,2.8356,100.0000,AAA,2024-12-05,Fixed Interest Rate,Simple interest,3.84%,1,12月5日,5.0000,5,ACT/ACT,The interest payment will be postponed on December 5 every year,5.0000,10.0000
1920083.IB,BANK OF CHENGDU 3.45% B221216,2.6769,101.0778,100.6525,100.7169,2.5998,101.1517,,,,2019-12-16,0.8658,100.0000,AAA,2022-12-16,Fixed Interest Rate,Simple interest,3.45%,1,12月16日,3.0000,3,A/365F,"Pay interest on December 16 each year, and holidays are postponed",3.0000,5.0000
1920084.IB,CHINESE MERCANTILE BANK 3.80% B221212,2.7338,101.4001,100.8900,100.8827,2.7388,101.4032,,,,2019-12-12,0.8548,100.0000,AAA,2022-12-12,Fixed Interest Rate,Simple interest,3.80%,1,12月12日,3.0000,3,ACT/ACT,"Pay interest on December 12 every year, and holidays are postponed",3.0000,30.0000
1920086.IB,BANK OF QINGDAO 3.42% B221216,2.5498,101.1587,100.7371,100.6412,2.6578,101.0722,,,,2019-12-16,0.8658,100.0000,AAA,2022-12-16,Fixed Interest Rate,Simple interest,3.42%,1,12月16日,3.0000,3,ACT/ACT,"Pay interest on December 16 each year, and holidays are postponed",3.0000,30.0000
1920087.IB,BANK OF QINGDAO 3.80% B241216,2.9117,102.8803,102.4118,102.2680,2.9629,102.7469,,,,2019-12-16,2.8658,100.0000,AAA,2024-12-16,Fixed Interest Rate,Simple interest,3.80%,1,12月16日,5.0000,5,ACT/ACT,"Pay interest on December 16 each year, and holidays are postponed",5.0000,10.0000
1920089.IB,FUJIAN HAIXIA BANK 3.90% B221220,2.7701,101.4065,100.9684,101.0059,2.7237,101.4546,,,,2019-12-20,0.8767,100.0000,AA+,2022-12-20,Fixed Interest Rate,Simple interest,3.90%,1,12月20日,3.0000,3,A/365F,"Pay interest on December 20 every year, and postpone holidays",3.0000,20.0000
1920090.IB,BANK OF TIANJIN 3.88% B221227,2.7776,101.3277,100.9663,100.9758,2.7634,101.3479,,,,2019-12-27,0.8959,100.0000,AAA,2022-12-27,Fixed Interest Rate,Simple interest,3.88%,1,12月27日,3.0000,3,ACT/ACT,"Pay interest on December 27 every year, and holidays are postponed",3.0000,50.0000
1921002.IB,19 Deqing Rural Commercial Green Finance 01.,-5.8405,103.9499,100.0820,100.0096,2.0721,103.8882,,,,2019-01-30,,100.0000,AA,2022-01-30,Fixed Interest Rate,Simple interest,3.9%,1,1月30日,3.0000,3,ACT/ACT,"Interest is paid on January 30 each year, holidays are postponed",3.0000,2.0000
1921003.IB,TIANTAI RC BANK 5.0% B220301,-2.9822,105.2580,100.6690,100.1280,3.2355,104.7308,,,,2019-03-01,0.0712,100.0000,AA-,2022-03-01,Fixed Interest Rate,Simple interest,5.0%,1,3月1日,3.0000,3,ACT/ACT,"Interest is paid on March 1 each year, and holidays are postponed",3.0000,1.0000
1921005.IB,QRCB 3.64% B220313,2.1031,103.3898,100.1686,100.1495,2.2340,103.3806,,,,2019-03-13,0.1041,100.0000,AAA,2022-03-13,Fixed Interest Rate,Simple interest,3.64%,1,3月13日,3.0000,3,ACT/ACT,"Pay interest on March 13 every year, and postpone holidays",3.0000,5.0000
1921007.IB,YINZHOU BANK 3.67% B220325,1.7558,103.4014,100.2744,100.1886,2.2950,103.3257,,,,2019-03-25,0.1370,100.0000,AA+,2022-03-25,Fixed Interest Rate,Simple interest,3.67%,1,3月25日,3.0000,3,ACT/ACT,"Pay interest on March 25 every year, and postpone holidays",3.0000,5.0000
1921008.IB,NANHAI RURAL COMMERCIAL BANK 3.62% B220321,2.3890,103.2820,100.1579,100.1693,2.2837,103.3033,,,,2019-03-21,0.1260,100.0000,AAA,2022-03-21,Fixed Interest Rate,Simple interest,3.62%,1,3月21日,3.0000,3,ACT/ACT,"Pay interest on March 21 every year, and holidays are postponed",3.0000,6.0000
1921010.IB,DONGYANG RURAL COMMERCIAL BANK 3.85% B220322,2.2856,103.5194,100.2073,100.1844,2.4193,103.5070,,,,2019-03-22,0.1288,100.0000,AA,2022-03-22,Fixed Interest Rate,Simple interest,3.85%,1,3月22日,3.0000,3,ACT/ACT,"Interest is paid on March 22 every year, holidays are postponed",3.0000,1.0000
1921012.IB,URCB 3.62% B220328,2.0794,103.2846,100.2299,100.1736,2.4105,103.2382,,,,2019-03-28,0.1452,100.0000,AAA,2022-03-28,Fixed Interest Rate,Simple interest,3.62%,1,3月28日,3.0000,3,ACT/ACT,"Pay interest on March 28 every year, and postpone holidays",3.0000,15.0000
1921014.IB,SIHUI RURAL COMMERCIAL BANK 4.30% B220329,4.1500,103.6167,100.0000,100.1108,3.4612,103.7393,,,,2019-03-29,0.1479,100.0000,A+,2022-03-29,Fixed Interest Rate,Simple interest,4.30%,1,3月29日,3.0000,3,ACT/ACT,"Pay interest on March 29 every year, and holidays are postponed",3.0000,2.0000
1921018.IB,URCB 3.78% B220429,3.6516,102.8641,100.0058,100.2983,2.4647,103.1669,,,,2019-04-29,0.2329,100.0000,AAA,2022-04-29,Fixed Interest Rate,Simple interest,3.78%,1,4月29日,3.0000,3,ACT/ACT,The annual interest payment holiday is extended on April 29th,3.0000,7.0000
1921019.IB,URCB 4.19% B240429,3.0894,105.5075,102.3392,102.7811,2.8856,105.9609,,,,2019-04-29,2.2329,100.0000,AAA,2024-04-29,Fixed Interest Rate,Simple interest,4.19%,1,4月29日,5.0000,5,ACT/ACT,The annual interest payment holiday is extended on April 29th,5.0000,8.0000
1921020.IB,YIWU RURAL COMMERCIAL BANK 3.85% B220426,2.6740,103.1998,100.2569,100.3584,2.2371,103.3118,,,,2019-04-26,0.2247,100.0000,AA,2022-04-26,Fixed Interest Rate,Simple interest,3.85%,1,4月26日,3.0000,3,ACT/ACT,The interest payment will be postponed on April 26 every year,3.0000,8.0000
1921023.IB,CANGNAN RURAL COMMERCIAL BANK 3.89% B220712,-1.3951,104.5413,102.3885,100.5134,2.6621,102.6769,,,,2019-07-12,0.4356,100.0000,AA,2022-07-12,Fixed Interest Rate,Simple interest,3.89%,1,7月12日,3.0000,3,ACT/ACT,"Interest shall be paid on July 12 every year, and holidays shall be postponed accordingly",3.0000,7.0000
1921026.IB,URCB 3.59% B220816,2.5742,102.1634,100.5209,100.5540,2.5083,102.2064,,,,2019-08-16,0.5315,100.0000,AAA,2022-08-16,Fixed Interest Rate,Simple interest,3.59%,1,8月16日,3.0000,3,ACT/ACT,"Pay interest on August 16 each year, and holidays are postponed",3.0000,3.0000
1921029.IB,CHANGSHU BANK 3.55% B220829,3.2136,101.6614,100.1636,100.5335,2.5703,102.0410,,,,2019-08-29,0.5671,100.0000,AA+,2022-08-29,Fixed Interest Rate,Simple interest,3.55%,1,8月29日,3.0000,3,ACT/ACT,"Pay interest on August 29 every year, and postpone holidays",3.0000,10.0000
1921034.IB,SHUNDE RURAL COMMERCIAL BANK 3.45% B221008,2.2820,101.8517,100.7742,100.7264,2.3469,101.8134,,,,2019-10-08,0.6767,100.0000,AAA,2022-10-08,Fixed Interest Rate,Simple interest,3.45%,1,10月8日,3.0000,3,ACT/ACT,"October 8th annual interest payments, extended holidays",3.0000,10.0000
1921035.IB,CANGNAN RURAL COMMERCIAL BANK 3.79% B221024,4.1688,100.7186,99.7010,100.7222,2.7509,101.7501,,,,2019-10-24,0.7205,100.0000,AA,2022-10-24,Fixed Interest Rate,Simple interest,3.79%,1,10月24日,3.0000,3,ACT/ACT,"Interest is paid on October 24 every year, holidays are postponed",3.0000,8.0000
1921039.IB,JINGJIANG RURAL COMMERCIAL BANK 4.2000% B221119,4.6147,100.4779,99.6494,100.6067,3.3925,101.4467,,,,2019-11-19,0.7918,100.0000,AA-,2022-11-19,Fixed Interest Rate,Simple interest,4.2000%,1,11月19日,3.0000,3,ACT/ACT,"Pay interest on November 19 every year, and holidays are postponed",3.0000,3.0000
1921042.IB,URCB 3.59% B221209,2.7570,101.1975,100.6860,100.8019,2.6172,101.3232,,,,2019-12-09,0.8466,100.0000,AAA,2022-12-09,Fixed Interest Rate,Simple interest,3.59%,1,12月9日,3.0000,3,ACT/ACT,The interest payment will be postponed on December 9 every year,3.0000,3.0000
1921044.IB,XINGTAI RURAL COMMERCIAL BANK 4.6% B241205,4.5949,100.7058,100.0000,103.1216,3.4255,103.8399,,,,2019-12-05,2.8356,100.0000,A+,2024-12-05,Fixed Interest Rate,Simple interest,4.6%,1,12月5日,5.0000,5,A/365F,The interest payment will be postponed on December 5 every year,5.0000,2.5000
1921045.IB,YINGQUAN RURAL COMMERCIAL BANK 4.60% B221210,4.2747,100.8899,100.2472,100.9170,3.4760,101.5723,,,,2019-12-10,0.8493,100.0000,AA-,2022-12-10,Fixed Interest Rate,Simple interest,4.60%,1,12月10日,3.0000,3,ACT/ACT,The interest payment will be postponed on December 10 every year,3.0000,2.0000
1921046.IB,CHANGSHA RURAL COMMERCIAL BANK 3.70% B221212,2.9008,101.1595,100.6628,100.9580,2.5526,101.4648,,,,2019-12-12,0.8548,100.0000,AA+,2022-12-12,Fixed Interest Rate,Simple interest,3.70%,1,12月12日,3.0000,3,ACT/ACT,"Pay interest on December 12 every year, and holidays are postponed",3.0000,35.0000
1921047.IB,QRCB 3.50% B221219,2.4954,101.2638,100.8611,100.8292,2.5287,101.2415,,,,2019-12-19,0.8740,100.0000,AAA,2022-12-19,Fixed Interest Rate,Simple interest,3.50%,1,12月19日,3.0000,3,ACT/ACT,"Pay interest on December 19 each year, and holidays are postponed",3.0000,30.0000
1921050.IB,YINZHOU BANK 3.62% B221224,2.8034,101.0737,100.7067,100.9331,2.5451,101.3100,,,,2019-12-24,0.8877,100.0000,AA+,2022-12-24,Fixed Interest Rate,Simple interest,3.62%,1,12月24日,3.0000,3,ACT/ACT,"Pay interest on December 24 every year, and postpone holidays",3.0000,25.0000
1921051.IB,CHANGXING RC BANK 3.69% B221227,2.3305,101.5440,101.2003,100.9118,2.6480,101.2656,,,,2019-12-27,0.8959,100.0000,AA,2022-12-27,Fixed Interest Rate,Simple interest,3.69%,1,12月27日,3.0000,3,ACT/ACT,"Pay interest on December 27 every year, and holidays are postponed",3.0000,3.0000
1926001.IB,BEA (CHINA) 3.65% B220311,2.2655,103.3933,100.1433,100.1520,2.1544,103.4120,,,,2019-03-11,0.0986,100.0000,AAA,2022-03-11,Fixed Interest Rate,Simple interest,3.65%,1,3月11日,3.0000,3,A/365F,"Interest payments on March 11 each year, holidays will be postponed",3.0000,25.0000
1926004.IB,HSBC BANK(CHINA) 3.74% B220618,2.4991,102.7620,100.4463,100.4648,2.4426,102.7907,,,,2019-06-18,0.3699,100.0000,AAA,2022-06-18,Fixed Interest Rate,Simple interest,3.74%,1,6月18日,3.0000,3,ACT/ACT,"Pay interest on June 18 each year, and holidays are postponed",3.0000,40.0000
1926005.IB,HSBC BANK(CHINA) 3.52% B220912,2.6928,101.8297,100.4796,100.5817,2.5232,101.9414,,,,2019-09-12,0.6055,100.0000,AAA,2022-09-12,Fixed Interest Rate,Simple interest,3.52%,1,9月12日,3.0000,3,ACT/ACT,"Pay interest on September 12 every year, and holidays are postponed",3.0000,40.0000
1928005.IB,SPD BANK 3.50% B220327,2.4158,103.1178,100.1548,100.1953,2.1364,103.1679,,,,2019-03-27,0.1425,100.0000,AAA,2022-03-27,Fixed Interest Rate,Simple interest,3.50%,1,3月27日,3.0000,3,ACT/ACT,"Pay interest on March 27 every year, and holidays are postponed",3.0000,500.0000
1928015.IB,CMB 3.45% B220709,2.8530,102.1722,100.2345,100.4827,2.2865,102.4298,,,,2019-07-09,0.4274,100.0000,AAA,2022-07-09,Fixed Interest Rate,Simple interest,3.45%,1,7月9日,3.0000,3,ACT/ACT,"Pay interest on July 9 every year, and holidays are postponed",3.0000,300.0000
1928017.IB,INDUSTRIAL BANK 3.55% B220718,2.3869,102.4181,100.5118,100.5775,2.2395,102.4935,,,,2019-07-18,0.4521,100.0000,AAA,2022-07-18,Fixed Interest Rate,Simple interest,3.55%,1,7月18日,3.0000,3,A/365F,"Pay interest on July 18 every year, and holidays are postponed",3.0000,200.0000
1928027.IB,CZBANK 3.42% B220918,2.5146,101.7999,100.5443,100.5954,2.4299,101.8603,,,,2019-09-18,0.6219,100.0000,AAA,2022-09-18,Fixed Interest Rate,Simple interest,3.42%,1,9月18日,3.0000,3,ACT/ACT,"Pay interest on September 18 each year, and holidays are postponed",3.0000,50.0000
1928030.IB,CMB 3.33% B220926,2.4024,101.7297,100.5802,100.6159,2.3438,101.7746,,,,2019-09-26,0.6438,100.0000,AAA,2022-09-26,Fixed Interest Rate,Simple interest,3.33%,1,9月26日,3.0000,3,ACT/ACT,The interest payment holiday will be postponed on September 26 every year,3.0000,200.0000
1928034.IB,BANKCOMM 3.35% B221127,2.3889,101.3533,100.7659,100.8908,2.2330,101.4873,,,,2019-11-27,0.8137,100.0000,AAA,2022-11-27,Fixed Interest Rate,Simple interest,3.35%,1,11月27日,3.0000,3,ACT/ACT,The interest payment holiday will be postponed on November 27 every year,3.0000,500.0000
1928037.IB,BANKCOMM 3.35% B221213,2.4240,101.2191,100.7786,100.9347,2.2394,101.3844,,,,2019-12-13,0.8575,100.0000,AAA,2022-12-13,Fixed Interest Rate,Simple interest,3.35%,1,12月13日,3.0000,3,ACT/ACT,"Pay interest on December 13 each year, and postpone holidays",3.0000,400.0000
2020003.IB,BANK OF TIANJIN 3.73% B230122,2.8272,100.9388,100.8570,100.8555,2.8261,100.9475,,,,2020-01-22,0.9671,100.0000,AAA,2023-01-22,Fixed Interest Rate,Simple interest,3.73%,1,1月22日,3.0000,3,ACT/ACT,"Pay interest on January 22 every year, and holidays are postponed",3.0000,50.0000
2020004.IB,BANK OF CHANGSHA 3.06% B230227,2.6322,103.2708,100.4455,100.5495,2.5324,103.3832,,,,2020-02-27,1.0658,100.0000,AAA,2023-02-27,Fixed Interest Rate,Simple interest,3.06%,1,2月27日,3.0000,3,ACT/ACT,"Pay interest on February 27 every year, and postpone holidays",3.0000,15.0000
2020005.IB,BANK OF NINGBO 2.92% B230306,2.8302,102.7320,100.0920,100.4082,2.5338,103.0562,,,,2020-03-06,1.0849,100.0000,AAA,2023-03-06,Fixed Interest Rate,Simple interest,2.92%,1,3月6日,3.0000,3,ACT/ACT,"Interest is paid on March 6 every year, holidays are postponed",3.0000,55.0000
2020006.IB,BANK OF NINGBO 3.10% B250306,3.0556,102.9280,100.1253,101.2091,2.6862,104.0203,,,,2020-03-06,3.0849,100.0000,AAA,2025-03-06,Fixed Interest Rate,Simple interest,3.10%,1,3月6日,5.0000,5,ACT/ACT,"Interest is paid on March 6 every year, holidays are postponed",5.0000,15.0000
2020007.IB,BOB 2.85% B230316,2.5182,102.8578,100.3592,100.5900,2.3074,103.0965,,,,2020-03-16,1.1123,100.0000,AAA,2023-03-16,Fixed Interest Rate,Simple interest,2.85%,1,3月16日,3.0000,3,ACT/ACT,"Interest is paid on March 16 every year, holidays are postponed",3.0000,300.0000
2020008.IB,BOB 3.10% B250316,2.7678,103.6942,100.9764,101.6443,2.5438,104.3706,,,,2020-03-16,3.1123,100.0000,AAA,2025-03-16,Fixed Interest Rate,Simple interest,3.10%,1,3月16日,5.0000,5,ACT/ACT,"Interest is paid on March 16 every year, holidays are postponed",5.0000,100.0000
2020010.IB,BANK OF SUZHOU 2.92% B230313,2.7872,102.7237,100.1397,100.6317,2.3350,103.2237,,,,2020-03-13,1.1041,100.0000,AAA,2023-03-13,Fixed Interest Rate,Simple interest,2.92%,1,3月13日,3.0000,3,ACT/ACT,"Pay interest on March 13 every year, and postpone holidays",3.0000,15.0000
2020011.IB,BANK OF QINGHAI 3.80% B230318,4.5286,102.5166,99.2059,99.9496,3.8392,103.2707,,,,2020-03-18,1.1178,100.0000,AA+,2023-03-18,Fixed Interest Rate,Simple interest,3.80%,1,3月18日,3.0000,3,A/365F,"Pay interest on March 18 every year, and postpone holidays",3.0000,30.0000
2020014.IB,GUANGXI BEIBU GULF BANK 3.80% B230326,3.0633,104.0407,100.8133,100.5613,3.2867,103.7992,,,,2020-03-26,1.1397,100.0000,AAA,2023-03-26,Fixed Interest Rate,Simple interest,3.80%,1,3月26日,3.0000,3,ACT/ACT,"March 26, March 26, payment, holiday",3.0000,15.0000
2020015.IB,BANK OF LIUZHOU 3.80% B230331,3.5568,103.4388,100.2635,100.7122,3.1588,103.8979,,,,2020-03-31,1.1534,100.0000,AA+,2023-03-31,Fixed Interest Rate,Simple interest,3.80%,1,3月31日,3.0000,3,ACT/ACT,"Interest is paid on March 31 each year, holidays are postponed",3.0000,10.0000
2020017.IB,CHINA RESOURCES BANK OF ZHUHAI 2.80% B230410,2.7275,102.3410,100.0780,100.0082,2.7878,102.2789,,,,2020-04-10,1.1808,100.0000,AAA,2023-04-10,Fixed Interest Rate,Simple interest,2.80%,1,4月10日,3.0000,3,A/365F,"Pay interest on April 10 every year, and postpone holidays",3.0000,30.0000
2020018.IB,BANK OF NINGBO 2.40% B230413,2.5277,101.7661,99.8461,99.9526,2.4367,101.8792,,,,2020-04-13,1.1890,100.0000,AAA,2023-04-13,Fixed Interest Rate,Simple interest,2.40%,1,4月13日,3.0000,3,ACT/ACT,"Pay interest on April 13 every year, and postpone holidays",3.0000,50.0000
2020019.IB,JINSHANG BANK 3.00% B230417,2.9802,102.3830,100.0159,99.9436,3.0419,102.3190,,,,2020-04-17,1.2000,100.0000,AAA,2023-04-17,Fixed Interest Rate,Simple interest,3.00%,1,4月17日,3.0000,3,ACT/ACT,The interest payment holiday is postponed on April 17 every year,3.0000,40.0000
2020024.IB,BANK OF GANZHOU 3.00% B230424,3.0014,102.3001,99.9905,99.7552,3.1995,102.0730,,,,2020-04-24,1.2192,100.0000,AA+,2023-04-24,Fixed Interest Rate,Simple interest,3.00%,1,4月24日,3.0000,3,ACT/ACT,"Pay interest on April 24 every year, and postpone holidays",3.0000,15.0000
2020025.IB,HUISHANG BANK 2.30% B230427,2.5174,101.4848,99.7330,99.5533,2.6677,101.3114,,,,2020-04-27,1.2274,100.0000,AAA,2023-04-27,Fixed Interest Rate,Simple interest,2.30%,1,4月27日,3.0000,3,ACT/ACT,"April 27, April 27, payment, holiday",3.0000,100.0000
2020026.IB,CHANG'AN BANK 2.95% B230429,2.9095,102.2717,100.0410,100.4662,2.5580,102.7049,,,,2020-04-29,1.2329,100.0000,AA+,2023-04-29,Fixed Interest Rate,Simple interest,2.95%,1,4月29日,3.0000,3,A/365F,The annual interest payment holiday is extended on April 29th,3.0000,30.0000
2020027.IB,LESHAN CITY COMMERCIAL BANK 3.75% B230430,3.7393,102.8253,100.0000,100.4233,3.3871,103.2589,,,,2020-04-30,1.2356,100.0000,AA,2023-04-30,Fixed Interest Rate,Simple interest,3.75%,1,4月30日,3.0000,3,A/365F,"Interest is paid on April 30 every year, holidays are postponed",3.0000,15.0000
2020028.IB,BANK OF WEIFANG 3.10% B230506,3.5911,101.6781,99.3934,99.8200,3.2402,102.1132,,,,2020-05-06,1.2521,100.0000,AA+,2023-05-06,Fixed Interest Rate,Simple interest,3.10%,1,5月6日,3.0000,3,ACT/ACT,The interest payment holiday is postponed on May 6 every year,3.0000,30.0000
2020032.IB,BANK OF LIUZHOU 3.69% B230529,3.2933,102.9804,100.4934,100.6297,3.1866,103.1267,,,,2020-05-29,1.3151,100.0000,AA+,2023-05-29,Fixed Interest Rate,Simple interest,3.69%,1,5月29日,3.0000,3,ACT/ACT,The interest payment on May 29 of each year will be postponed,3.0000,10.0000
2020040.IB,BANK OF QUANZHOU 3.48% B230710,4.4622,100.5842,98.6392,100.4034,3.1789,102.3579,,,,2020-07-10,1.4301,100.0000,AA+,2023-07-10,Fixed Interest Rate,Simple interest,3.48%,1,7月10日,3.0000,3,ACT/ACT,The interest payment holiday will be postponed on July 10 every year,3.0000,10.0000
2020041.IB,FUJIAN HAIXIA BANK 3.85% B230720,3.0923,103.1034,101.0571,101.4172,2.8397,103.4741,,,,2020-07-20,1.4575,100.0000,AA+,2023-07-20,Fixed Interest Rate,Simple interest,3.85%,1,7月20日,3.0000,3,A/365F,"Pay interest on July 20 every year, and holidays are postponed",3.0000,25.0000
2020045.IB,BOB 3.40% B230820,2.7038,102.5525,101.0341,101.3425,2.4997,102.8702,,,,2020-08-20,1.5425,100.0000,AAA,2023-08-20,Fixed Interest Rate,Simple interest,3.40%,1,8月20日,3.0000,3,ACT/ACT,The interest payment holiday will be postponed on August 20 every year,3.0000,60.0000
2020047.IB,ZHEJIANG TAILONG COMMERCIAL BANK 3.75% B230827,3.0381,102.6663,101.0636,101.4455,2.7878,103.0586,,,,2020-08-27,1.5616,100.0000,AAA,2023-08-27,Fixed Interest Rate,Simple interest,3.75%,1,8月27日,3.0000,3,A/365F,"Pay interest on August 27 every year, and postpone holidays",3.0000,30.0000
2020049.IB,BANK OF LUOYANG 3.68% B230901,2.8934,102.7123,101.1899,101.6105,2.6209,103.1429,,,,2020-09-01,1.5753,100.0000,AA+,2023-09-01,Fixed Interest Rate,Simple interest,3.68%,1,9月1日,3.0000,3,ACT/ACT,The interest payment holiday will be postponed on September 1 every year,3.0000,30.0000
2020053.IB,BANK OF DONGGUAN 3.79% B230911,2.5286,103.4231,101.9590,101.7489,2.6590,103.2234,,,,2020-09-11,1.6027,100.0000,AAA,2023-09-11,Fixed Interest Rate,Simple interest,3.79%,1,9月11日,3.0000,3,ACT/ACT,"Pay interest on September 11 every year, and holidays are postponed",3.0000,40.0000
2020057.IB,BANK OF CHANGSHA 3.75% B230915,2.6930,103.0543,101.6468,101.7207,2.6448,103.1385,,,,2020-09-15,1.6137,100.0000,AAA,2023-09-15,Fixed Interest Rate,Simple interest,3.75%,1,9月15日,3.0000,3,ACT/ACT,The interest payment holiday is postponed on September 15 every year,3.0000,20.0000
2020059.IB,ZHEJIANG CHOUZHOU COMMERCIAL BANK 4.10% B230921,3.5610,102.2997,100.8282,101.5836,3.0848,103.0664,,,,2020-09-21,1.6301,100.0000,AA+,2023-09-21,Fixed Interest Rate,Simple interest,4.1%,1,9月21日,3.0000,3,ACT/ACT,The interest payment holiday is postponed on September 21 every year,3.0000,10.0000
2020072.IB,BANK OF CHONGQING 3.73% B231104,2.8044,102.4494,101.5603,101.7256,2.7068,102.6249,,,,2020-11-04,1.7507,100.0000,AAA,2023-11-04,Fixed Interest Rate,Simple interest,3.73%,1,11月4日,3.0000,3,A/365F,"Pay interest on November 4 every year, and postpone holidays",3.0000,20.0000
2020076.IB,QLB 3.8% B231120,2.6209,102.7846,102.0454,102.0121,2.6379,102.7617,,,,2020-11-20,1.7945,100.0000,AAA,2023-11-20,Fixed Interest Rate,Simple interest,3.8%,1,11月20日,3.0000,3,ACT/ACT,"Pay interest on November 20 every year, and postpone holidays",3.0000,40.0000
2020077.IB,XIAMEN INTERNATIONAL BANK 3.59% B231221,2.6304,102.1362,101.7428,101.6131,2.6994,102.0163,,,,2020-12-21,1.8795,100.0000,AAA,2023-12-21,Fixed Interest Rate,Simple interest,3.59%,1,12月21日,3.0000,3,A/365F,The interest payment will be postponed on December 21 every year,3.0000,10.0000
2020079.IB,BANK OF GANZHOU 3.89% B231126,3.0265,102.1927,101.5000,101.7562,2.8805,102.4596,,,,2020-11-26,1.8110,100.0000,AA+,2023-11-26,Fixed Interest Rate,Simple interest,3.89%,1,11月26日,3.0000,3,ACT/ACT,The interest payment will be postponed on November 26 every year,3.0000,15.0000
2020084.IB,20 Fudian Bank Sannong Bond,3.6940,101.0125,100.5000,101.7450,3.0020,102.2684,,,,2020-12-14,1.8603,100.0000,AA+,2023-12-14,Fixed Interest Rate,Simple interest,3.98%,1,12月14日,3.0000,3,A/365F,The interest payment holiday will be postponed on December 14 every year,3.0000,10.0000
2020086.IB,BANK OF CHANGSHA 3.70% B231217,2.6426,102.3551,101.9091,101.6312,2.7927,102.0874,,,,2020-12-17,1.8685,100.0000,AAA,2023-12-17,Fixed Interest Rate,Simple interest,3.7%,1,12月17日,3.0000,3,ACT/ACT,"Interest is paid on December 17 each year, holidays are postponed",3.0000,40.0000
2020089.IB,HKB 3.8% B231223,3.4649,100.9944,100.5988,101.6688,2.8788,102.0748,,,,2020-12-23,1.8849,100.0000,AA+,2023-12-23,Fixed Interest Rate,Simple interest,3.8%,1,12月23日,3.0000,3,A/365F,The interest payment holiday is postponed on December 23 every year,3.0000,10.0000
2021001.IB,CHONGQING RURAL COMMERCIAL BANK 3.20% B230113,2.6489,100.6579,100.5089,100.6671,2.4778,100.8250,,,,2020-01-13,0.9425,100.0000,AAA,2023-01-13,Fixed Interest Rate,Simple interest,3.20%,1,1月13日,3.0000,3,A/365F,"Pay interest on January 13 every year, and holidays are postponed",3.0000,20.0000
2021003.IB,CHANGSHU BANK 2.96% B230310,2.9365,102.6648,100.0211,100.5381,2.4570,103.1899,,,,2020-03-10,1.0959,100.0000,AA+,2023-03-10,Fixed Interest Rate,Simple interest,2.96%,1,3月10日,3.0000,3,ACT/ACT,"Interest is paid on March 10 every year, holidays are postponed",3.0000,10.0000
2021004.IB,YINGQUAN RURAL COMMERCIAL BANK 4.5% B230305,4.4920,104.0808,100.0000,100.5412,3.9761,104.6343,,,,2020-03-05,1.0822,100.0000,AA-,2023-03-05,Fixed Interest Rate,Simple interest,4.5%,1,3月5日,3.0000,3,ACT/ACT,"Pay interest on March 5 every year, and postpone holidays",3.0000,3.0000
2021005.IB,QRCB 3.03% B230309,2.8026,102.9545,100.2400,100.4827,2.5765,103.2056,,,,2020-03-09,1.0932,100.0000,AAA,2023-03-09,Fixed Interest Rate,Simple interest,3.03%,1,3月9日,3.0000,3,ACT/ACT,"Pay interest on March 9 every year, and holidays are postponed",3.0000,30.0000
2021007.IB,DRCB 2.94% B230312,3.3891,102.1226,99.5128,100.5987,2.3837,103.2165,,,,2020-03-12,1.1014,100.0000,AAA,2023-03-12,Fixed Interest Rate,Simple interest,2.94%,1,3月12日,3.0000,3,ACT/ACT,"Interest is paid on March 12 every year, holidays are postponed",3.0000,20.0000
2021008.IB,CHONGQING RURAL COMMERCIAL BANK 2.89% B230316,2.7737,102.6563,100.1226,100.3675,2.5496,102.9091,,,,2020-03-16,1.1123,100.0000,AAA,2023-03-16,Fixed Interest Rate,Simple interest,2.89%,1,3月16日,3.0000,3,A/365F,"Interest is paid on March 16 every year, holidays are postponed",3.0000,80.0000
2021010.IB,CHANGSHA RURAL COMMERCIAL BANK 3.04% B230319,2.9856,102.6947,100.0545,100.2794,2.7808,102.9280,,,,2020-03-19,1.1205,100.0000,AA+,2023-03-19,Fixed Interest Rate,Simple interest,3.04%,1,3月19日,3.0000,3,ACT/ACT,"Interest is paid on March 19 every year, holidays are postponed",3.0000,15.0000
2021013.IB,XINYU RURAL COMMERCIAL BANK 4.00% B230428,6.2343,100.4219,97.3863,99.7366,4.2101,102.7831,,,,2020-04-28,1.2301,100.0000,A+,2023-04-28,Fixed Interest Rate,Simple interest,4.00%,1,4月28日,3.0000,3,ACT/ACT,The annual interest payment holiday will be postponed on April 28th,3.0000,2.8000
2021015.IB,MAANSHAN RURAL COMMERCIAL BANK 3.90% B230630,3.8866,102.2866,100.0000,101.1145,3.0703,103.4117,,,,2020-06-30,1.4027,100.0000,AA,2023-06-30,Fixed Interest Rate,Simple interest,3.90%,1,6月30日,3.0000,3,A/365F,"Pay interest on June 30 every year, and postpone holidays",3.0000,4.0000
2021023.IB,XIAMEN RURAL COMMERCIAL BANK 3.69% B230811,3.2905,102.3102,100.5714,101.2759,2.8154,103.0249,,,,2020-08-11,1.5178,100.0000,AA+,2023-08-11,Fixed Interest Rate,Simple interest,3.69%,1,8月11日,3.0000,3,ACT/ACT,"Pay interest on August 11 every year, and postpone holidays",3.0000,10.0000
2021025.IB,DRCB 3.62% B230914,2.5967,102.9628,101.5941,101.5723,2.6087,102.9508,,,,2020-09-14,1.6110,100.0000,AAA,2023-09-14,Fixed Interest Rate,Simple interest,3.62%,1,9月14日,3.0000,3,ACT/ACT,The interest payment holiday will be postponed on September 14 every year,3.0000,20.0000
2021027.IB,ZRCBANK 3.8% B230922,2.8749,102.8059,101.4525,101.5933,2.7857,102.9571,,,,2020-09-22,1.6329,100.0000,AA+,2023-09-22,Fixed Interest Rate,Simple interest,3.8%,1,9月22日,3.0000,3,ACT/ACT,The interest payment will be postponed on September 22 every year,3.0000,15.0000
2021030.IB,SRCB 3.63% B231028,2.7716,102.3661,101.4313,101.7224,2.5992,102.6672,,,,2020-10-28,1.7315,100.0000,AAA,2023-10-28,Fixed Interest Rate,Simple interest,3.63%,1,10月28日,3.0000,3,ACT/ACT,"Pay interest on October 28 every year, and postpone holidays",3.0000,80.0000
2021031.IB,CHONGQING RURAL COMMERCIAL BANK B231109,2.8148,102.1416,101.3328,101.6076,2.6547,102.4262,,,,2020-11-09,1.7644,100.0000,AAA,2023-11-09,Fixed Interest Rate,Simple interest,3.6%,1,11月9日,3.0000,3,ACT/ACT,The interest payment will be postponed on November 9 every year,3.0000,20.0000
2021032.IB,JRCB 3.82% B231112,3.0706,102.0986,101.2718,101.8139,2.7570,102.6512,,,,2020-11-12,1.7726,100.0000,AA+,2023-11-12,Fixed Interest Rate,Simple interest,3.82%,1,11月12日,3.0000,3,ACT/ACT,"Pay interest on November 12 every year, and holidays are postponed",3.0000,10.0000
2021033.IB,SRCB 3.75% B231124,2.6981,102.5214,101.8330,102.0087,2.5976,102.7074,,,,2020-11-24,1.8055,100.0000,AAA,2023-11-24,Fixed Interest Rate,Simple interest,3.75%,1,11月24日,3.0000,3,ACT/ACT,"Pay interest on November 24 every year, and holidays are postponed",3.0000,20.0000
2021034.IB,XIAOSHAN RURAL COMMERCIAL BANK 3.85% B231125,3.1583,101.8918,101.1956,101.7422,2.8475,102.4490,,,,2020-11-25,1.8082,100.0000,AA+,2023-11-25,Fixed Interest Rate,Simple interest,3.85%,1,11月25日,3.0000,3,A/365F,"Interest is paid on November 25 every year, holidays are postponed",3.0000,10.0000
2021036.IB,DRCB 3.75% B231201,2.7262,102.4186,101.8022,101.8795,2.6815,102.5062,,,,2020-12-01,1.8247,100.0000,AAA,2023-12-01,Fixed Interest Rate,Simple interest,3.75%,1,12月1日,3.0000,3,ACT/ACT,The interest payment on December 1 of each year will be postponed,3.0000,10.0000
2021040.IB,WHRCB 3.8% B231217,3.2953,101.3570,100.8989,101.6516,2.8801,102.1201,,,,2020-12-17,1.8685,100.0000,AA+,2023-12-17,Fixed Interest Rate,Simple interest,3.8%,1,12月17日,3.0000,3,ACT/ACT,"Interest is paid on December 17 each year, holidays are postponed",3.0000,10.0000
2026001.IB,FUBON BANK 3.20% B230324,3.7094,102.1670,99.4317,100.2811,2.9411,103.0252,,,,2020-03-24,1.1342,100.0000,AAA,2023-03-24,Fixed Interest Rate,Simple interest,3.20%,1,3月24日,3.0000,3,A/365F,The interest payment will be postponed on March 24 every year,3.0000,10.0000
2026002.IB,HSBC BANK(CHINA) 2.95% B230604,2.9292,101.9571,100.0174,100.5553,2.5169,102.5031,,,,2020-06-04,1.3315,100.0000,AAA,2023-06-04,Fixed Interest Rate,Simple interest,2.95%,1,6月4日,3.0000,3,ACT/ACT,The interest payment will be postponed on June 4 every year,3.0000,30.0000
2026003.IB,HSBC BANK(CHINA) 3.75% B230923,2.7806,102.8530,101.5277,101.7401,2.6472,103.0757,,,,2020-09-23,1.6356,100.0000,AAA,2023-09-23,Fixed Interest Rate,Simple interest,3.75%,1,9月23日,3.0000,3,ACT/ACT,The interest payment holiday will be postponed every September 23,3.0000,30.0000
2026004.IB,FUBON BANK 3.92% B231201,3.5735,101.2402,100.5958,101.4641,3.0814,102.1192,,,,2020-12-01,1.8247,100.0000,AAA,2023-12-01,Fixed Interest Rate,Simple interest,3.92%,1,12月1日,3.0000,3,A/365F,The interest payment on December 1 of each year will be postponed,3.0000,10.0000
2026005.IB,NANYANG COMMERCIAL BANK CHINA 4.08% B231221,3.3368,101.7807,101.3336,102.1747,2.8767,102.6330,,,,2020-12-21,1.8795,100.0000,AAA,2023-12-21,Fixed Interest Rate,Simple interest,4.08%,1,12月21日,3.0000,3,ACT/ACT,The interest payment will be postponed on December 21 every year,3.0000,25.0000
2026006.IB,NANYANG COMMERCIAL BANK CHINA 4.33% B251221,4.3275,100.4745,100.0000,104.4176,3.1044,104.9040,,,,2020-12-21,3.8795,100.0000,AAA,2025-12-21,Fixed Interest Rate,Simple interest,4.33%,1,12月21日,5.0000,5,ACT/ACT,The interest payment will be postponed on December 21 every year,5.0000,5.0000
2028001.IB,CBHB 3.47% B230115,2.8282,100.7380,100.5954,100.9126,2.4891,101.0647,,,,2020-01-15,0.9479,100.0000,AAA,2023-01-15,Fixed Interest Rate,Simple interest,3.47%,1,1月15日,3.0000,3,A/365F,"Pay interest on January 15 each year, and holidays are postponed",3.0000,100.0000
2028002.IB,CBHB 3.24% B230219,2.9889,103.3170,100.2545,100.6920,2.5629,103.7634,,,,2020-02-19,1.0438,100.0000,AAA,2023-02-19,Fixed Interest Rate,Simple interest,3.24%,1,2月19日,3.0000,3,A/365F,"Pay interest on February 19 every year, and holidays are postponed",3.0000,80.0000
2028004.IB,CZBANK 2.95% B230305,2.5960,103.0487,100.3735,100.4959,2.4806,103.1792,,,,2020-03-05,1.0822,100.0000,AAA,2023-03-05,Fixed Interest Rate,Simple interest,2.95%,1,3月5日,3.0000,3,ACT/ACT,"Pay interest on March 5 every year, and postpone holidays",3.0000,100.0000
2028005.IB,BANK OF CHINA 2.65% B230312,2.5122,102.4983,100.1460,100.5167,2.1711,102.8763,,,,2020-03-12,1.1014,100.0000,AAA,2023-03-12,Fixed Interest Rate,Simple interest,2.65%,1,3月12日,3.0000,3,A/365F,"Interest is paid on March 12 every year, holidays are postponed",3.0000,100.0000
2028007.IB,CNCB 2.75% B230318,2.4474,102.7251,100.3292,100.3011,2.4722,102.7045,,,,2020-03-18,1.1178,100.0000,AAA,2023-03-18,Fixed Interest Rate,Simple interest,2.75%,1,3月18日,3.0000,3,ACT/ACT,"Pay interest on March 18 every year, and postpone holidays",3.0000,300.0000
2028008.IB,CMBC 2.75% B230320,2.7077,102.4232,100.0424,100.3409,2.4374,102.7293,,,,2020-03-20,1.1233,100.0000,AAA,2023-03-20,Fixed Interest Rate,Simple interest,2.75%,1,3月20日,3.0000,3,A/365F,"Pay interest on March 20 every year, and postpone holidays",3.0000,200.0000
2028009.IB,CZBANK 2.50% B230410,2.5365,101.9733,99.9528,99.9503,2.5388,101.9776,,,,2020-04-10,1.1808,100.0000,AAA,2023-04-10,Fixed Interest Rate,Simple interest,2.50%,1,4月10日,3.0000,3,ACT/ACT,"Pay interest on April 10 every year, and postpone holidays",3.0000,150.0000
2028010.IB,HUAXIA BANK 2.08% B230417,2.7698,100.8260,99.1848,99.8902,2.1699,101.5371,,,,2020-04-17,1.2000,100.0000,AAA,2023-04-17,Fixed Interest Rate,Simple interest,2.08%,1,4月17日,3.0000,3,ACT/ACT,The interest payment holiday is postponed on April 17 every year,3.0000,100.0000
2028011.IB,AGRICULTURAL BANK OF CHINA 1.99% B230421,2.8045,100.5785,99.0301,99.8401,2.1213,101.3939,,,,2020-04-21,1.2110,100.0000,AAA,2023-04-21,Fixed Interest Rate,Simple interest,1.99%,1,4月21日,3.0000,3,ACT/ACT,"Pay interest on April 21 every year, and holidays are postponed",3.0000,200.0000
2028012.IB,SPD BANK 2.08% B230429,2.5230,101.0322,99.4594,99.6774,2.3431,101.2559,,,,2020-04-29,1.2329,100.0000,AAA,2023-04-29,Fixed Interest Rate,Simple interest,2.08%,1,4月29日,3.0000,3,ACT/ACT,The annual interest payment holiday is extended on April 29th,3.0000,500.0000
2028015.IB,INDUSTRIAL BANK 2.17% B230506,2.5867,101.0826,99.4833,99.7666,2.3561,101.3718,,,,2020-05-06,1.2521,100.0000,AAA,2023-05-06,Fixed Interest Rate,Simple interest,2.17%,1,5月6日,3.0000,3,ACT/ACT,The interest payment holiday is postponed on May 6 every year,3.0000,230.0000
2028016.IB,INDUSTRIAL BANK 2.67% B250506,2.8918,101.2791,99.3113,100.0690,2.6454,102.0441,,,,2020-05-06,3.2521,100.0000,AAA,2025-05-06,Fixed Interest Rate,Simple interest,2.67%,1,5月6日,5.0000,5,ACT/ACT,The interest payment holiday is postponed on May 6 every year,5.0000,70.0000
2028019.IB,PAB 2.3% B230526,2.4987,101.3084,99.7394,99.9042,2.3703,101.4795,,,,2020-05-26,1.3068,100.0000,AAA,2023-05-26,Fixed Interest Rate,Simple interest,2.3%,1,5月26日,3.0000,3,ACT/ACT,"Pay interest on May 26 each year, and holidays are postponed",3.0000,300.0000
2028020.IB,INDUSTRIAL BANK 2.58% B230527,2.6052,101.7134,99.9604,99.9568,2.6081,101.7169,,,,2020-05-27,1.3096,100.0000,AAA,2023-05-27,Fixed Interest Rate,Simple interest,2.58%,1,5月27日,3.0000,3,ACT/ACT,"May 27, 27, payment, holiday",3.0000,220.0000
2028021.IB,INDUSTRIAL BANK 2.95% B250527,2.8713,102.2413,100.2369,100.6057,2.7536,102.6182,,,,2020-05-27,3.3096,100.0000,AAA,2025-05-27,Fixed Interest Rate,Simple interest,2.95%,1,5月27日,5.0000,5,ACT/ACT,"May 27, 27, payment, holiday",5.0000,50.0000
2028027.IB,BANK OF CHINA 3.15% B230805,2.5405,102.4196,100.8834,100.9218,2.5134,102.4666,,,,2020-08-05,1.5014,100.0000,AAA,2023-08-05,Fixed Interest Rate,Simple interest,3.15%,1,8月5日,3.0000,3,A/365F,"Pay interest on August 5 every year, and postpone holidays",3.0000,100.0000
2028028.IB,HUAXIA BANK 3.19% B230810,2.5370,102.4676,100.9556,100.9985,2.5070,102.5192,,,,2020-08-10,1.5151,100.0000,AAA,2023-08-10,Fixed Interest Rate,Simple interest,3.19%,1,8月10日,3.0000,3,ACT/ACT,"Pay interest on August 10 every year, and postpone holidays",3.0000,200.0000
2028029.IB,BANKCOMM 3.18% B230807,2.5638,102.4293,100.8959,101.0811,2.4380,102.6231,,,,2020-08-07,1.5068,100.0000,AAA,2023-08-07,Fixed Interest Rate,Simple interest,3.18%,1,8月7日,3.0000,3,ACT/ACT,"Pay interest on August 7 every year, and holidays are postponed",3.0000,500.0000
2028030.IB,INDUSTRIAL BANK 3.45% B230813,2.5569,102.9231,101.3163,101.1971,2.6347,102.8134,,,,2020-08-13,1.5233,100.0000,AAA,2023-08-13,Fixed Interest Rate,Simple interest,3.45%,1,8月13日,3.0000,3,ACT/ACT,"Pay interest on August 13 every year, and postpone holidays",3.0000,230.0000
2028031.IB,CBHB 3.55% B230820,3.2738,101.9829,100.3976,101.2507,2.7077,102.8458,,,,2020-08-20,1.5425,100.0000,AAA,2023-08-20,Fixed Interest Rate,Simple interest,3.55%,1,8月20日,3.0000,3,ACT/ACT,The interest payment holiday will be postponed on August 20 every year,3.0000,100.0000
2028036.IB,ICBC 3.37% B230917,2.2616,102.9922,101.7458,101.3809,2.4875,102.6366,,,,2020-09-17,1.6192,100.0000,AAA,2023-09-17,Fixed Interest Rate,Simple interest,3.37%,1,9月17日,3.0000,3,A/365F,The interest payment will be postponed on September 17 every year,3.0000,100.0000
2028043.IB,CCB 3.5% B231029,2.5426,102.4979,101.6061,101.5179,2.5927,102.4193,,,,2020-10-29,1.7342,100.0000,AAA,2023-10-29,Fixed Interest Rate,Simple interest,3.5%,1,10月29日,3.0000,3,ACT/ACT,The interest payment holiday will be postponed on October 29 every year,3.0000,200.0000
2028046.IB,CMB B231110,2.6531,102.1823,101.4100,101.6519,2.5126,102.4337,,,,2020-11-10,1.7671,100.0000,AAA,2023-11-10,Fixed Interest Rate,Simple interest,3.48%,1,11月10日,3.0000,3,ACT/ACT,"Pay interest on November 10 every year, and holidays are postponed",3.0000,100.0000
2028047.IB,BANKCOMM 3.50% B231113,2.5944,102.3015,101.5536,101.6037,2.5642,102.3613,,,,2020-11-13,1.7753,100.0000,AAA,2023-11-13,Fixed Interest Rate,Simple interest,3.50%,1,11月13日,3.0000,3,ACT/ACT,"Pay interest on November 13 every year, and holidays are postponed",3.0000,400.0000
2028054.IB,HUAXIA BANK 3.54% B231218,2.6009,102.1157,101.6987,101.6906,2.6040,102.1173,,,,2020-12-18,1.8712,100.0000,AAA,2023-12-18,Fixed Interest Rate,Simple interest,3.54%,1,12月18日,3.0000,3,ACT/ACT,"Pay interest on December 18 each year, and holidays are postponed",3.0000,330.0000
2120003.IB,BANK OF CHONGQING 3.5% B240126,2.9784,101.0309,100.9925,101.6294,2.6468,101.6773,,,,2021-01-26,1.9781,100.0000,AAA,2024-01-26,Fixed Interest Rate,Simple interest,3.5%,1,1月26日,3.0000,3,A/365F,"Interest is paid on January 26 every year, holidays are postponed",3.0000,20.0000
2120004.IB,BANK OF SUZHOU 3.55% B240129,2.9715,101.1154,101.1057,101.6654,2.6812,101.6849,,,,2021-01-29,1.9863,100.0000,AAA,2024-01-29,Fixed Interest Rate,Simple interest,3.55%,1,1月29日,3.0000,3,ACT/ACT,The interest payment holiday is postponed on January 29 each year,3.0000,10.0000
2120005.IB,BOB 3.5% B240205,2.6438,105.1018,101.6593,101.7322,2.6055,105.1843,,,,2021-02-05,2.0055,100.0000,AAA,2024-02-05,Fixed Interest Rate,Simple interest,3.5%,1,2月5日,3.0000,3,ACT/ACT,"Interest shall be paid on February 5 every year, and holidays shall be postponed accordingly",3.0000,80.0000
2120009.IB,ZY BANK 3.6% B240304,3.1117,104.2437,100.9692,101.7954,2.7020,105.0798,,,,2021-03-04,2.0795,100.0000,AAA,2024-03-04,Fixed Interest Rate,Simple interest,3.6%,1,3月4日,3.0000,3,A/365F,"Pay interest on March 4 every year, and holidays are postponed",3.0000,20.0000
2120010.IB,XIAMEN INTERNATIONAL BANK 3.58% B240316,2.7190,104.8868,101.7482,101.7188,2.7322,104.8673,,,,2021-03-16,2.1123,100.0000,AAA,2024-03-16,Fixed Interest Rate,Simple interest,3.58%,1,3月16日,3.0000,3,A/365F,"Interest is paid on March 16 every year, holidays are postponed",3.0000,40.0000
2120011.IB,BANK OF GUANGZHOU 3.52% B240316,2.9559,104.2250,101.1390,101.5968,2.7323,104.6924,,,,2021-03-16,2.1123,100.0000,AAA,2024-03-16,Fixed Interest Rate,Simple interest,3.52%,1,3月16日,3.0000,3,ACT/ACT,"Interest is paid on March 16 every year, holidays are postponed",3.0000,30.0000
2120012.IB,BANK OF CHONGQING 3.57% B240318,2.8995,104.4696,101.3593,101.7184,2.7245,104.8385,,,,2021-03-18,2.1178,100.0000,AAA,2024-03-18,Fixed Interest Rate,Simple interest,3.57%,1,3月18日,3.0000,3,A/365F,"Pay interest on March 18 every year, and postpone holidays",3.0000,20.0000
2120016.IB,GUILIN BANK 3.7% B240323,3.4252,103.7238,100.5509,101.7043,2.8644,104.8873,,,,2021-03-23,2.1315,100.0000,AAA,2024-03-23,Fixed Interest Rate,Simple interest,3.7%,1,3月23日,3.0000,3,A/365F,The interest payment holiday is postponed on March 23 every year,3.0000,21.0000
2120021.IB,BANK OF LIUZHOU 4.00% B240329,3.6376,104.0944,100.7300,101.3993,3.3127,104.7747,,,,2021-03-29,2.1479,100.0000,AA+,2024-03-29,Fixed Interest Rate,Simple interest,4.00%,1,3月29日,3.0000,3,ACT/ACT,"Pay interest on March 29 every year, and holidays are postponed",3.0000,10.0000
2120025.IB,HZBANK 3.50% B240409,2.9983,103.8784,101.0400,101.6551,2.7068,104.5030,,,,2021-04-09,2.1781,100.0000,AAA,2024-04-09,Fixed Interest Rate,Simple interest,3.50%,1,4月9日,3.0000,3,A/365F,The interest payment will be postponed on April 9 every year,3.0000,150.0000
2120026.IB,BANK OF JIANGSU 3.48% B240412,2.9981,103.7955,101.0020,101.7064,2.6657,104.5095,,,,2021-04-12,2.1863,100.0000,AAA,2024-04-12,Fixed Interest Rate,Simple interest,3.48%,1,4月12日,3.0000,3,A/365F,"Pay interest on April 12 every year, and postpone holidays",3.0000,50.0000
2120027.IB,CHONGQING THREE GORGES BANK 3.8% B240412,3.4890,103.6871,100.6367,101.1925,3.2239,104.2533,,,,2021-04-12,2.1863,100.0000,AA+,2024-04-12,Fixed Interest Rate,Simple interest,3.8%,1,4月12日,3.0000,3,A/365F,"Pay interest on April 12 every year, and postpone holidays",3.0000,30.0000
2120028.IB,BANK OF NINGBO 3.48% B240412,2.5949,104.6533,101.8598,101.7064,2.6657,104.5095,,,,2021-04-12,2.1863,100.0000,AAA,2024-04-12,Fixed Interest Rate,Simple interest,3.48%,1,4月12日,3.0000,3,ACT/ACT,"Pay interest on April 12 every year, and postpone holidays",3.0000,50.0000
2120029.IB,BANK OF CHANGSHA 3.50% B240412,2.6748,104.5407,101.7311,101.5354,2.7657,104.3546,,,,2021-04-12,2.1863,100.0000,AAA,2024-04-12,Fixed Interest Rate,Simple interest,3.50%,1,4月12日,3.0000,3,ACT/ACT,"Pay interest on April 12 every year, and postpone holidays",3.0000,40.0000
2120030.IB,CHINA RESOURCES BANK OF ZHUHAI 3.5% B240416,3.0002,103.8154,101.0442,101.5367,2.7685,104.3175,,,,2021-04-16,2.1973,100.0000,AAA,2024-04-16,Fixed Interest Rate,Simple interest,3.5%,1,4月16日,3.0000,3,A/365F,"April 16, 16, payment, holiday",3.0000,15.0000
2120032.IB,GUANGXI BEIBU GULF BANK 3.65% B240414,3.5882,103.0282,100.1182,101.2778,3.0366,104.1978,,,,2021-04-14,2.1918,100.0000,AAA,2024-04-14,Fixed Interest Rate,Simple interest,3.65%,1,4月14日,3.0000,3,ACT/ACT,The annual interest payment holiday is extended on April 14th,3.0000,15.0000
2120033.IB,BOB 3.39% B240423,2.5955,104.3096,101.6905,101.6051,2.6341,104.2335,,,,2021-04-23,2.2164,100.0000,AAA,2024-04-23,Fixed Interest Rate,Simple interest,3.39%,1,4月23日,3.0000,3,ACT/ACT,The interest payment holiday will be postponed on April 23 every year,3.0000,40.0000
2120034.IB,BOB 3.38% B240423,2.8830,103.6604,101.0490,101.5838,2.6341,104.2044,,,,2021-04-23,2.2164,100.0000,AAA,2024-04-23,Fixed Interest Rate,Simple interest,3.38%,1,4月23日,3.0000,3,ACT/ACT,The interest payment holiday will be postponed on April 23 every year,3.0000,20.0000
2120035.IB,XIAMEN INTERNATIONAL BANK 3.48% B240427,2.7908,104.1174,101.4669,101.6470,2.7069,104.3071,,,,2021-04-27,2.2274,100.0000,AAA,2024-04-27,Fixed Interest Rate,Simple interest,3.48%,1,4月27日,3.0000,3,A/365F,"April 27, April 27, payment, holiday",3.0000,30.0000
2120039.IB,HKB 3.80% B240428,3.4101,103.6998,100.8160,101.3957,3.1395,104.2900,,,,2021-04-28,2.2301,100.0000,AA+,2024-04-28,Fixed Interest Rate,Simple interest,3.80%,1,4月28日,3.0000,3,A/365F,The annual interest payment holiday will be postponed on April 28th,3.0000,10.0000
2120043.IB,LUZHOU CITY COMMERCIAL BANK 3.85% B240527,3.6211,103.1018,100.4859,101.2254,3.2861,103.8518,,,,2021-05-27,2.3096,100.0000,AA+,2024-05-27,Fixed Interest Rate,Simple interest,3.85%,1,5月27日,3.0000,3,A/365F,"May 27, 27, payment, holiday",3.0000,20.0000
2120048.IB,XIAMEN INTERNATIONAL BANK 3.33% B240604,2.7048,103.5805,101.3909,101.3724,2.7123,103.5711,,,,2021-06-04,2.3315,100.0000,AAA,2024-06-04,Fixed Interest Rate,Simple interest,3.33%,1,6月4日,3.0000,3,A/365F,The interest payment will be postponed on June 4 every year,3.0000,20.0000
2120049.IB,QILU BANK B240616,2.9483,103.1339,101.0101,101.4553,2.7532,103.5884,,,,2021-06-16,2.3644,100.0000,AAA,2024-06-16,Fixed Interest Rate,Simple interest,3.4%,1,6月16日,3.0000,3,ACT/ACT,"Pay interest on June 16 each year, and holidays are postponed",3.0000,40.0000
2120050.IB,21njcb Green Financial Bond 01.,2.6969,103.3707,101.3128,101.4023,2.6572,103.4691,,,,2021-06-15,2.3616,100.0000,AAA,2024-06-15,Fixed Interest Rate,Simple interest,3.28%,1,6月15日,3.0000,3,ACT/ACT,"Pay interest on June 15 each year, and holidays are postponed",3.0000,40.0000
2120053.IB,21 Weifang bank small and micro debt 01.,3.6195,102.4446,100.1881,101.4712,3.0562,103.7379,,,,2021-06-22,2.3808,100.0000,AA+,2024-06-22,Fixed Interest Rate,Simple interest,3.71%,1,6月22日,3.0000,3,ACT/ACT,The interest payment holiday is extended on June 22 every year,3.0000,20.0000
2120054.IB,ZHEJIANG MINTAI COMMERCIAL BANK 3.85% B240622,3.6423,102.7928,100.4512,101.7892,3.0560,104.1414,,,,2021-06-22,2.3808,100.0000,AA+,2024-06-22,Fixed Interest Rate,Simple interest,3.85%,1,6月22日,3.0000,3,ACT/ACT,The interest payment holiday is extended on June 22 every year,3.0000,7.0000
2120056.IB,ZY BANK 3.48% B240628,2.9515,103.2585,101.1991,101.6501,2.7567,103.7190,,,,2021-06-28,2.3973,100.0000,AAA,2024-06-28,Fixed Interest Rate,Simple interest,3.48%,1,6月28日,3.0000,3,ACT/ACT,"Pay interest on June 28 every year, and postpone holidays",3.0000,20.0000
2120061.IB,HKB 3.7% B240707,3.6867,102.1124,100.0140,101.2380,3.1566,103.3465,,,,2021-07-07,2.4219,100.0000,AA+,2024-07-07,Fixed Interest Rate,Simple interest,3.7%,1,7月7日,3.0000,3,A/365F,The interest payment will be postponed on July 7 every year,3.0000,20.0000
2120063.IB,BHN 3.8% B240712,3.6245,102.4903,100.3873,101.4738,3.1576,103.5872,,,,2021-07-12,2.4356,100.0000,AA+,2024-07-12,Fixed Interest Rate,Simple interest,3.8%,1,7月12日,3.0000,3,A/365F,"Interest shall be paid on July 12 every year, and holidays shall be postponed accordingly",3.0000,5.0000
2120065.IB,GUILIN BANK 3.38% B240715,3.4620,101.6387,99.7959,100.6622,3.0900,102.5142,,,,2021-07-15,2.4438,100.0000,AAA,2024-07-15,Fixed Interest Rate,Simple interest,3.38%,1,7月15日,3.0000,3,A/365F,"Pay interest on July 15 each year, and holidays are postponed",3.0000,24.0000
2120067.IB,DONGYING BANK 3.85% B240730,3.8422,101.9408,100.0000,101.0566,3.3940,103.0080,,,,2021-07-30,2.4849,100.0000,AA,2024-07-30,Fixed Interest Rate,Simple interest,3.85%,1,7月30日,3.0000,3,ACT/ACT,The interest payment holiday is postponed on July 30 every year,3.0000,10.0000
2120068.IB,BANK OF LIUZHOU 3.8% B240810,3.7968,101.7910,99.9899,101.0420,3.3559,102.8535,,,,2021-08-10,2.5151,100.0000,AA+,2024-08-10,Fixed Interest Rate,Simple interest,3.8%,1,8月10日,3.0000,3,ACT/ACT,"Pay interest on August 10 every year, and postpone holidays",3.0000,10.0000
2120070.IB,21 innovation and entrepreneurship bonds of Bank of Zhengzhou,2.9057,101.9931,100.6079,100.7035,2.8664,102.0974,,,,2021-08-23,2.5507,100.0000,AAA,2024-08-23,Fixed Interest Rate,Simple interest,3.16%,1,8月23日,3.0000,3,ACT/ACT,The interest payment will be postponed on August 23 every year,3.0000,50.0000
2120071.IB,21 Bank of Shanghai,2.6969,102.1545,100.8014,100.5965,2.7803,101.9579,,,,2021-08-20,2.5425,100.0000,AAA,2024-08-20,Fixed Interest Rate,Simple interest,3.03%,1,8月20日,3.0000,3,ACT/ACT,The interest payment holiday will be postponed on August 20 every year,3.0000,300.0000
2120073.IB,21 Bank of Guangzhou Small and Micro Bonds 02.,2.7314,102.0749,100.7713,100.6560,2.7778,101.9679,,,,2021-08-27,2.5616,100.0000,AAA,2024-08-27,Fixed Interest Rate,Simple interest,3.05%,1,8月27日,3.0000,3,ACT/ACT,"Pay interest on August 27 every year, and postpone holidays",3.0000,70.0000
2120076.IB,21 Changjiang Bank Xiaowei Debt 01.,3.9423,101.6449,100.0000,100.8895,3.5761,102.5453,,,,2021-08-31,2.5726,100.0000,AA,2024-08-31,Fixed Interest Rate,Simple interest,3.95%,1,8月31日,3.0000,3,ACT/ACT,"Pay interest on August 31 every year, and postpone holidays",3.0000,3.0000
2120079.IB,Fudian Bank,3.6664,101.0811,99.7000,100.6561,3.2779,102.0470,,,,2021-09-10,2.6000,100.0000,AA+,2024-09-10,Fixed Interest Rate,Simple interest,3.55%,1,9月10日,3.0000,3,A/365F,The interest payment holiday is postponed on September 10 every year,3.0000,20.0000
2120081.IB,21 HKB Small and Micro Bonds 03.,3.5134,101.7297,100.3723,101.5171,3.0552,102.8845,,,,2021-09-17,2.6192,100.0000,AA+,2024-09-17,Fixed Interest Rate,Simple interest,3.67%,1,9月17日,3.0000,3,A/365F,The interest payment will be postponed on September 17 every year,3.0000,20.0000
2120082.IB,21 Chouzhou Bank Small and Micro Bonds 01.,3.4175,101.9964,100.6353,101.2904,3.1551,102.6616,,,,2021-09-17,2.6192,100.0000,AA+,2024-09-17,Fixed Interest Rate,Simple interest,3.68%,1,9月17日,3.0000,3,ACT/ACT,The interest payment will be postponed on September 17 every year,3.0000,20.0000
2120084.IB,21 Guilin Bank Sannong Bond 03.,3.3474,101.2539,100.0686,100.6815,3.1031,101.8761,,,,2021-09-24,2.6384,100.0000,AAA,2024-09-24,Fixed Interest Rate,Simple interest,3.38%,1,9月24日,3.0000,3,A/365F,The interest payment holiday will be postponed every September 24,3.0000,35.0000
2120086.IB,21czbank Small Micro Debt 01.,2.7065,101.7613,100.7339,100.8359,2.6662,101.8715,,,,2021-09-27,2.6466,100.0000,AAA,2024-09-27,Fixed Interest Rate,Simple interest,3.00%,1,9月27日,3.0000,3,A/365F,The interest payment will be postponed on September 27 every year,3.0000,100.0000
2120087.IB,BANK OF DONGGUAN 3.09% B240927,2.7061,102.0207,100.9625,100.8338,2.7562,101.9005,,,,2021-09-27,2.6466,100.0000,AAA,2024-09-27,Fixed Interest Rate,Simple interest,3.09%,1,9月27日,3.0000,3,ACT/ACT,The interest payment will be postponed on September 27 every year,3.0000,30.0000
2120094.IB,21 small and micro Bonds 01 of Bank of Guiyang.,2.7484,101.7383,101.0243,100.9650,2.7704,101.6876,,,,2021-11-08,2.7616,100.0000,AAA,2024-11-08,Fixed Interest Rate,Simple interest,3.14%,1,11月8日,3.0000,3,A/365F,"Pay interest on November 8 each year, and postpone holidays",3.0000,40.0000
2120096.IB,21 Qinghai Bank 01,3.8052,100.8664,100.0000,101.1361,3.3693,102.0129,,,,2021-11-08,2.7616,100.0000,AA+,2024-11-08,Fixed Interest Rate,Simple interest,3.81%,1,11月8日,3.0000,3,ACT/ACT,"Pay interest on November 8 each year, and postpone holidays",3.0000,15.0000
2120097.IB,21 Beibu Gulf Bank Green Bond 01.,3.2683,100.9851,100.2303,100.6464,3.1096,101.4105,,,,2021-11-09,2.7644,100.0000,AAA,2024-11-09,Fixed Interest Rate,Simple interest,3.36%,1,11月9日,3.0000,3,A/365F,The interest payment will be postponed on November 9 every year,3.0000,20.0000
2120098.IB,21 Bank of Dongguan 02,2.8888,101.2443,100.5479,100.7552,2.8102,101.4602,,,,2021-11-09,2.7644,100.0000,AAA,2024-11-09,Fixed Interest Rate,Simple interest,3.1%,1,11月9日,3.0000,3,ACT/ACT,The interest payment will be postponed on November 9 every year,3.0000,30.0000
2120101.IB,21 Changjiang Bank Small and Micro Debt 02.,3.9954,100.7562,100.0000,101.0617,3.5916,101.8288,,,,2021-11-22,2.8000,100.0000,AA,2024-11-22,Fixed Interest Rate,Simple interest,4.00%,1,11月22日,3.0000,3,ACT/ACT,The interest payment holiday will be postponed every November 22,3.0000,5.0000
2120103.IB,21 Bank of Changsha Green Bonds,2.7414,101.3147,100.7668,100.5516,2.8212,101.1078,,,,2021-11-25,2.8082,100.0000,AAA,2024-11-25,Fixed Interest Rate,Simple interest,3.03%,1,11月25日,3.0000,3,ACT/ACT,"Interest is paid on November 25 every year, holidays are postponed",3.0000,50.0000
2120106.IB,21 Jiaxing Bank Small and Micro Bonds,3.2501,100.7816,100.3729,101.0226,3.0116,101.4405,,,,2021-12-17,2.8685,100.0000,AA+,2024-12-17,Fixed Interest Rate,Simple interest,3.39%,1,12月17日,3.0000,3,A/365F,"Interest is paid on December 17 each year, holidays are postponed",3.0000,10.0000
2120109.IB,21njcb Green Financial Bond 02.,2.9651,99.9480,99.5491,100.2582,2.7031,100.6648,,,,2021-12-09,2.8466,100.0000,AAA,2024-12-09,Fixed Interest Rate,Simple interest,2.8%,1,12月9日,3.0000,3,ACT/ACT,The interest payment will be postponed on December 9 every year,3.0000,10.0000
2120111.IB,21 Beibu Gulf Bank Green Bond 02.,3.1986,100.7280,100.2669,100.4838,3.1181,100.9539,,,,2021-12-10,2.8493,100.0000,AAA,2024-12-10,Fixed Interest Rate,Simple interest,3.30%,1,12月10日,3.0000,3,A/365F,The interest payment will be postponed on December 10 every year,3.0000,20.0000
2120112.IB,21 Guizhou Bank Green Bonds,3.1181,101.3451,100.8914,100.7030,3.1871,101.1661,,,,2021-12-13,2.8575,100.0000,AAA,2024-12-13,Fixed Interest Rate,Simple interest,3.45%,1,12月13日,3.0000,3,ACT/ACT,"Pay interest on December 13 each year, and postpone holidays",3.0000,50.0000
2120116.IB,21njcb 01,2.7094,101.1076,100.7953,100.7181,2.7371,101.0386,,,,2021-12-23,2.8849,100.0000,AAA,2024-12-23,Fixed Interest Rate,Simple interest,3.00%,1,12月23日,3.0000,3,A/365F,The interest payment holiday is postponed on December 23 every year,3.0000,180.0000
2120117.IB,21njcb 02,3.2689,100.3404,100.0000,101.2544,2.9896,101.6038,,,,2021-12-23,4.8849,100.0000,AAA,2026-12-23,Fixed Interest Rate,Simple interest,3.27%,1,12月23日,5.0000,5,A/365F,The interest payment holiday is postponed on December 23 every year,5.0000,20.0000
2120120.IB,21 Shaoxing Bank Small and Micro Bonds,3.3984,100.2888,100.0000,100.5219,3.2079,100.8200,,,,2021-12-30,2.9041,100.0000,AA+,2024-12-30,Fixed Interest Rate,Simple interest,3.40%,1,12月30日,3.0000,3,ACT/ACT,"Interest is paid on December 30 every year, holidays are postponed",3.0000,5.0000
2121001.IB,NANXUN BANK 3.7% B240114,3.4863,100.5570,100.3948,101.2818,3.0132,101.4541,,,,2021-01-14,1.9452,100.0000,AA,2024-01-14,Fixed Interest Rate,Simple interest,3.7%,1,1月14日,3.0000,3,ACT/ACT,"Interest is paid on January 14 every year, holidays are postponed",3.0000,2.0000
2121004.IB,DRCB 3.58% B240301,2.9048,104.6273,101.3415,101.7041,2.7242,104.9997,,,,2021-03-01,2.0712,100.0000,AAA,2024-03-01,Fixed Interest Rate,Simple interest,3.58%,1,3月1日,3.0000,3,ACT/ACT,"Interest is paid on March 1 each year, and holidays are postponed",3.0000,20.0000
2121005.IB,SHUNDE RURAL COMMERCIAL BANK 3.56% B240312,3.0178,104.2485,101.0884,101.6855,2.7247,104.8554,,,,2021-03-12,2.1014,100.0000,AAA,2024-03-12,Fixed Interest Rate,Simple interest,3.56%,1,3月12日,3.0000,3,ACT/ACT,"Interest is paid on March 12 every year, holidays are postponed",3.0000,10.0000
2121010.IB,XIAMEN RURAL COMMERCIAL BANK 3.70% B240330,3.1796,104.1648,101.0629,101.6512,2.8966,104.7632,,,,2021-03-30,2.1507,100.0000,AA+,2024-03-30,Fixed Interest Rate,Simple interest,3.70%,1,3月30日,3.0000,3,ACT/ACT,"Interest is paid on March 30 every year, and holidays are postponed",3.0000,20.0000
2121013.IB,DRCB 3.52% B240329,2.8540,104.3296,101.3689,101.6217,2.7323,104.5920,,,,2021-03-29,2.1479,100.0000,AAA,2024-03-29,Fixed Interest Rate,Simple interest,3.52%,1,3月29日,3.0000,3,ACT/ACT,"Pay interest on March 29 every year, and holidays are postponed",3.0000,10.0000
2121015.IB,ZHONGSHAN RURAL COMMERCIAL BANK 3.68% B240406,3.0972,104.2173,101.2027,101.7313,2.8454,104.7559,,,,2021-04-06,2.1699,100.0000,AA+,2024-04-06,Fixed Interest Rate,Simple interest,3.68%,1,4月6日,3.0000,3,ACT/ACT,"Pay interest on April 6 every year, and postpone holidays",3.0000,30.0000
2121022.IB,CHANGSHU BANK 3.38% B240527,3.1357,102.8238,100.5273,101.4148,2.7372,103.7206,,,,2021-05-27,2.3096,100.0000,AA+,2024-05-27,Fixed Interest Rate,Simple interest,3.38%,1,5月27日,3.0000,3,A/365F,"May 27, 27, payment, holiday",3.0000,5.0000
2121024.IB,CHONGQING RURAL COMMERCIAL BANK 3.29% B240607,3.1787,102.3727,100.2365,101.2148,2.7442,103.3600,,,,2021-06-07,2.3397,100.0000,AAA,2024-06-07,Fixed Interest Rate,Simple interest,3.29%,1,6月7日,3.0000,3,ACT/ACT,The interest payment holiday will be postponed on June 7 every year,3.0000,10.0000
2121025.IB,CHONGQING RURAL COMMERCIAL BANK 3.29% B240607,2.8431,103.1281,100.9919,101.2148,2.7442,103.3600,,,,2021-06-07,2.3397,100.0000,AAA,2024-06-07,Fixed Interest Rate,Simple interest,3.29%,1,6月7日,3.0000,3,ACT/ACT,The interest payment holiday will be postponed on June 7 every year,3.0000,20.0000
2121027.IB,21 Xiaoshan Rural Commercial Small and Micro Bonds,3.3376,102.3444,100.3595,101.2428,2.9570,103.2374,,,,2021-07-07,2.4219,100.0000,AA+,2024-07-07,Fixed Interest Rate,Simple interest,3.5%,1,7月7日,3.0000,3,A/365F,The interest payment will be postponed on July 7 every year,3.0000,10.0000
2121035.IB,JRCB 3.18% B240805,3.1692,101.5642,100.0134,100.7176,2.8748,102.2771,,,,2021-08-05,2.5014,100.0000,AA+,2024-08-05,Fixed Interest Rate,Simple interest,3.18%,1,8月5日,3.0000,3,ACT/ACT,"Pay interest on August 5 every year, and postpone holidays",3.0000,10.0000
2121036.IB,YINZHOU BANK 3.2% B240809,3.0683,101.8285,100.3030,100.8302,2.8493,102.3645,,,,2021-08-09,2.5123,100.0000,AA+,2024-08-09,Fixed Interest Rate,Simple interest,3.2%,1,8月9日,3.0000,3,ACT/ACT,Interest payment will be postponed on August 9 every year,3.0000,20.0000
2121037.IB,"21 Changshu agriculture, commerce and agriculture debt",3.1396,101.4197,100.0130,100.9155,2.7689,102.3308,,,,2021-08-20,2.5425,100.0000,AA+,2024-08-20,Fixed Interest Rate,Simple interest,3.15%,1,8月20日,3.0000,3,A/365F,The interest payment holiday will be postponed on August 20 every year,3.0000,10.0000
2121040.IB,21 Changsha Rural Commercial Small and Micro Bond 01.,3.0492,101.3863,100.1639,100.6291,2.8618,101.8600,,,,2021-09-09,2.5973,100.0000,AA+,2024-09-09,Fixed Interest Rate,Simple interest,3.12%,1,9月9日,3.0000,3,A/365F,"Pay interest on September 9 each year, and holidays are postponed",3.0000,20.0000
2121041.IB,21 Rural Commercial Bank of Zhangjiang {ZRC} Small and Micro Bonds 01.,3.1497,101.1803,99.9893,100.6842,2.8709,101.8838,,,,2021-09-14,2.6110,100.0000,AA+,2024-09-14,Fixed Interest Rate,Simple interest,3.15%,1,9月14日,3.0000,3,ACT/ACT,The interest payment holiday will be postponed on September 14 every year,3.0000,25.0000
2121042.IB,TRC BANK 3.29% B240917,3.2850,101.2168,100.0000,100.8219,2.9558,102.0478,,,,2021-09-17,2.6192,100.0000,AAA,2024-09-17,Fixed Interest Rate,Simple interest,3.29%,1,9月17日,3.0000,3,ACT/ACT,The interest payment will be postponed on September 17 every year,3.0000,20.0000
2121043.IB,21 Huizhou Agricultural and Commercial Small and Micro Bonds,3.5407,101.1799,99.8854,100.8433,3.1554,102.1474,,,,2021-09-17,2.6192,100.0000,AA,2024-09-17,Fixed Interest Rate,Simple interest,3.50%,1,9月17日,3.0000,3,A/365F,The interest payment will be postponed on September 17 every year,3.0000,10.0000
2121046.IB,21 Changji Rural Commercial Green Financial Bonds 01.,4.9388,101.7359,100.0000,101.3228,4.3997,103.0723,,,,2021-09-24,2.6384,100.0000,AA-,2024-09-24,Fixed Interest Rate,Simple interest,4.95%,1,9月24日,3.0000,3,ACT/ACT,The interest payment holiday will be postponed every September 24,3.0000,0.5500
2121050.IB,21 Maanshan Rural Commercial Green Financial Bond 01.,3.5953,100.9173,100.0000,100.7831,3.2924,101.7102,,,,2021-10-29,2.7342,100.0000,AA,2024-10-29,Fixed Interest Rate,Simple interest,3.6%,1,10月29日,3.0000,3,A/365F,The interest payment holiday will be postponed on October 29 every year,3.0000,2.0000
2121063.IB,21 Jinhua Chengtai Rural Commercial Sannong Bond 01.,3.4980,100.3548,100.0000,100.2841,3.3933,100.6485,,,,2021-12-24,2.8877,100.0000,AA-,2024-12-24,Fixed Interest Rate,Simple interest,3.50%,1,12月24日,3.0000,3,ACT/ACT,"Pay interest on December 24 every year, and postpone holidays",3.0000,1.0000
2126002.IB,HSBC BANK(CHINA) 3.60% B240401,3.0142,104.2023,101.2039,101.7094,2.7721,104.7176,,,,2021-04-01,2.1562,100.0000,AAA,2024-04-01,Fixed Interest Rate,Simple interest,3.60%,1,4月1日,3.0000,3,ACT/ACT,"Interest is paid on April 1 every year, and holidays are postponed",3.0000,20.0000
2126003.IB,OCBC BANK (CHINA) 3.5% B240524,3.1457,103.1735,100.7667,101.5674,2.7852,103.9838,,,,2021-05-24,2.3014,100.0000,AAA,2024-05-24,Fixed Interest Rate,Simple interest,3.5%,1,5月24日,3.0000,3,ACT/ACT,"Pay interest on May 24 every year, and postpone holidays",3.0000,10.0000
2126004.IB,21 Overseas Chinese Yongheng China 02,3.3169,100.6276,100.0000,101.2496,2.8480,101.8863,,,,2021-11-22,2.8000,100.0000,AAA,2024-11-22,Fixed Interest Rate,Simple interest,3.32%,1,11月22日,3.0000,3,ACT/ACT,The interest payment holiday will be postponed every November 22,3.0000,15.0000
2126005.IB,21 Huashang Bank 01,3.1821,100.9140,100.4459,100.4169,3.1927,100.8942,,,,2021-12-10,2.8493,100.0000,AAA,2024-12-10,Fixed Interest Rate,Simple interest,3.35%,1,12月10日,3.0000,3,ACT/ACT,The interest payment will be postponed on December 10 every year,3.0000,20.0000
2126006.IB,21 Nanyang Bank {NCB} 01,3.3980,100.3726,100.0000,100.8012,3.1037,101.1831,,,,2021-12-21,2.8795,100.0000,AAA,2024-12-21,Fixed Interest Rate,Simple interest,3.40%,1,12月21日,3.0000,3,ACT/ACT,The interest payment will be postponed on December 21 every year,3.0000,20.0000
2126007.IB,21 Nanyang Bank {NCB} 02,3.7485,100.4110,100.0000,100.5989,3.6126,101.0201,,,,2021-12-21,4.8795,100.0000,AAA,2026-12-21,Fixed Interest Rate,Simple interest,3.75%,1,12月21日,5.0000,5,ACT/ACT,The interest payment will be postponed on December 21 every year,5.0000,5.0000
2128003.IB,CCB 3.30% B240126,2.3593,101.8430,101.8068,101.3175,2.6104,101.3627,,,,2021-01-26,1.9781,100.0000,AAA,2024-01-26,Fixed Interest Rate,Simple interest,3.30%,1,1月26日,3.0000,3,ACT/ACT,"Interest is paid on January 26 every year, holidays are postponed",3.0000,200.0000
2128004.IB,CMB 3.40% B240315,2.5983,104.6189,101.6288,101.5595,2.6310,104.5589,,,,2021-03-15,2.1096,100.0000,AAA,2024-03-15,Fixed Interest Rate,Simple interest,3.40%,1,3月15日,3.0000,3,ACT/ACT,"Pay interest on March 15 every year, and postpone holidays",3.0000,100.0000
2128005.IB,PAB 3.45% B240201,2.6239,105.0245,101.5934,101.5715,2.6341,105.0121,,,,2021-02-01,1.9945,100.0000,AAA,2024-02-01,Fixed Interest Rate,Simple interest,3.45%,1,2月1日,3.0000,3,ACT/ACT,"Pay interest on February 1 every year, and postpone holidays",3.0000,200.0000
2128006.IB,BANK OF CHINA 3.36% B240202,2.5601,104.8787,101.5463,101.4339,2.6166,104.7755,,,,2021-02-02,1.9973,100.0000,AAA,2024-02-02,Fixed Interest Rate,Simple interest,3.36%,1,2月2日,3.0000,3,A/365F,The interest payment on February 2 of each year will be postponed,3.0000,100.0000
2128007.IB,HUAXIA BANK 3.45% B240318,2.6472,104.6415,101.6357,101.6524,2.6381,104.6676,,,,2021-03-18,2.1178,100.0000,AAA,2024-03-18,Fixed Interest Rate,Simple interest,3.45%,1,3月18日,3.0000,3,ACT/ACT,"Pay interest on March 18 every year, and postpone holidays",3.0000,270.0000
2128010.IB,CEB BANK 3.45% B240324,2.6531,104.5840,101.6350,101.6611,2.6397,104.6196,,,,2021-03-24,2.1342,100.0000,AAA,2024-03-24,Fixed Interest Rate,Simple interest,3.45%,1,3月24日,3.0000,3,A/365F,The interest payment will be postponed on March 24 every year,3.0000,400.0000
2128012.IB,SPD BANK 3.48% B240325,2.6457,104.6796,101.7144,101.7318,2.6363,104.7065,,,,2021-03-25,2.1370,100.0000,AAA,2024-03-25,Fixed Interest Rate,Simple interest,3.48%,1,3月25日,3.0000,3,ACT/ACT,"Pay interest on March 25 every year, and postpone holidays",3.0000,600.0000
2128013.IB,BANKCOMM 3.4% B240408,2.5886,104.4634,101.6968,101.5836,2.6409,104.3595,,,,2021-04-08,2.1753,100.0000,AAA,2024-04-08,Fixed Interest Rate,Simple interest,3.4%,1,4月8日,3.0000,3,ACT/ACT,"Pay interest on April 8 every year, and postpone holidays",3.0000,400.0000
2128014.IB,CBHB 3.55% B240408,2.9560,104.1207,101.2321,101.7355,2.7172,104.6339,,,,2021-04-08,2.1753,100.0000,AAA,2024-04-08,Fixed Interest Rate,Simple interest,3.55%,1,4月8日,3.0000,3,A/365F,"Pay interest on April 8 every year, and postpone holidays",3.0000,150.0000
2128015.IB,AGRICULTURAL BANK OF CHINA 3.38% B240413,2.5863,104.3734,101.6694,101.4884,2.6702,104.2016,,,,2021-04-13,2.1890,100.0000,AAA,2024-04-13,Fixed Interest Rate,Simple interest,3.38%,1,4月13日,3.0000,3,ACT/ACT,"Pay interest on April 13 every year, and postpone holidays",3.0000,200.0000
2128018.IB,CBHB 3.53% B240428,3.3961,102.9525,100.2736,101.6857,2.7393,104.3743,,,,2021-04-28,2.2301,100.0000,AAA,2024-04-28,Fixed Interest Rate,Simple interest,3.53%,1,4月28日,3.0000,3,A/365F,The annual interest payment holiday will be postponed on April 28th,3.0000,100.0000
2128020.IB,CMB 3.18% B240607,2.6483,103.2519,101.1871,101.1946,2.6444,103.2681,,,,2021-06-07,2.3397,100.0000,AAA,2024-06-07,Fixed Interest Rate,Simple interest,3.18%,1,6月7日,3.0000,3,ACT/ACT,The interest payment holiday will be postponed on June 7 every year,3.0000,200.0000
2128023.IB,CNCB B240610,2.6326,103.2945,101.2494,101.1759,2.6642,103.2297,,,,2021-06-10,2.3479,100.0000,AAA,2024-06-10,Fixed Interest Rate,Simple interest,3.19%,1,6月10日,3.0000,3,ACT/ACT,"Pay interest on June 10 every year, and holidays are postponed",3.0000,200.0000
2128024.IB,BANK OF CHINA 2.88% B240728,2.6295,102.0546,100.5870,100.5220,2.6564,101.9975,,,,2021-07-28,2.4795,100.0000,AAA,2024-07-28,Fixed Interest Rate,Simple interest,2.88%,1,7月28日,3.0000,3,A/365F,"Pay interest on July 28 every year, and holidays are postponed",3.0000,300.0000
2128027.IB,21 small and micro debt of China Merchants Bank 03,2.6716,101.7982,100.5508,100.6383,2.6358,101.8936,,,,2021-08-26,2.5589,100.0000,AAA,2024-08-26,Fixed Interest Rate,Simple interest,2.9%,1,8月26日,3.0000,3,ACT/ACT,"Pay interest on August 26 every year, and postpone holidays",3.0000,100.0000
2128031.IB,21icbc Green Financial Debt 01.,2.7780,101.0059,100.0470,100.3296,2.6665,101.2962,,,,2021-09-27,2.6466,100.0000,AAA,2024-09-27,Fixed Interest Rate,Simple interest,2.8%,1,9月27日,3.0000,3,ACT/ACT,The interest payment will be postponed on September 27 every year,3.0000,100.0000
2128035.IB,21 Huaxia Bank 02,2.6974,101.5442,100.8718,100.7931,2.7267,101.4738,,,,2021-11-10,2.7671,100.0000,AAA,2024-11-10,Fixed Interest Rate,Simple interest,3.03%,1,11月10日,3.0000,3,ACT/ACT,"Pay interest on November 10 every year, and holidays are postponed",3.0000,400.0000
2128037.IB,21 CMBC 01,2.9596,100.8053,100.1517,100.8432,2.6986,101.5052,,,,2021-11-12,2.7726,100.0000,AAA,2024-11-12,Fixed Interest Rate,Simple interest,3.02%,1,11月12日,3.0000,3,A/365F,"Pay interest on November 12 every year, and holidays are postponed",3.0000,300.0000
2128041.IB,21 CGB Small and Micro Bonds,2.7062,101.4763,100.8537,100.8750,2.6979,101.5059,,,,2021-11-16,2.7836,100.0000,AAA,2024-11-16,Fixed Interest Rate,Simple interest,3.03%,1,11月16日,3.0000,3,ACT/ACT,"Interest is paid on November 16 each year, holidays are postponed",3.0000,300.0000
2128046.IB,21 SPD Bank 02,2.6839,101.2172,100.7697,100.6375,2.7323,101.0931,,,,2021-12-06,2.8384,100.0000,AAA,2024-12-06,Fixed Interest Rate,Simple interest,2.97%,1,12月6日,3.0000,3,ACT/ACT,"Pay interest on December 6 every year, and holidays are postponed",3.0000,400.0000
2128048.IB,21minsheng Bank02,2.9999,100.4711,100.0491,100.7968,2.7246,101.2271,,,,2021-12-10,2.8493,100.0000,AAA,2024-12-10,Fixed Interest Rate,Simple interest,3.02%,1,12月10日,3.0000,3,A/365F,The interest payment will be postponed on December 10 every year,3.0000,300.0000
2220001.IB,22 Quanzhou Bank Small and Micro Bonds,3.2973,100.1587,100.0050,100.2774,3.1991,100.4402,,,,2022-01-13,2.9425,100.0000,AA+,2025-01-13,Fixed Interest Rate,Simple interest,3.30%,1,1月13日,3.0000,3,ACT/ACT,"Pay interest on January 13 every year, and holidays are postponed",3.0000,20.0000
2220003.IB,22 Tongshang Bank Small and Micro Bonds,3.2194,100.1147,100.0000,100.3604,3.0901,100.4839,,,,2022-01-17,2.9534,100.0000,AA+,2025-01-17,Fixed Interest Rate,Simple interest,3.22%,1,1月17日,3.0000,3,ACT/ACT,"Pay interest on January 17 each year, and holidays are postponed",3.0000,20.0000
2220004.IB,22 Guilin Bank Sannong Bond 01.,3.1994,100.1052,100.0000,100.2002,3.1276,100.3142,,,,2022-01-18,2.9562,100.0000,AAA,2025-01-18,Fixed Interest Rate,Simple interest,3.2%,1,1月18日,3.0000,3,A/365F,"Pay interest on January 18 each year, and holidays are postponed",3.0000,20.0000
2220009.IB,22tailong Small and Micro Bonds,2.9498,100.0404,100.0000,100.0333,2.9379,100.0818,,,,2022-01-25,2.9753,100.0000,AAA,2025-01-25,Fixed Interest Rate,Simple interest,2.95%,1,1月25日,3.0000,3,A/365F,The interest payment will be postponed on January 25 every year,3.0000,30.0000
2221001.IB,22 Maanshan Rural Commercial Green Bond 01.,3.5992,100.1282,100.0000,100.8603,3.2896,100.9984,,,,2022-01-17,2.9534,100.0000,AA,2025-01-17,Fixed Interest Rate,Simple interest,3.6%,1,1月17日,3.0000,3,A/365F,"Pay interest on January 17 each year, and holidays are postponed",3.0000,4.0000
2226001.IB,22 Nanyang Bank {NCB} 01,3.5398,100.0582,100.0000,99.9654,3.5474,100.0333,,,,2022-01-24,4.9726,100.0000,AAA,2027-01-24,Fixed Interest Rate,Simple interest,3.54%,1,1月24日,5.0000,5,ACT/ACT,"Interest is paid on January 24 every year, holidays are postponed",5.0000,10.0000
2228007.IB,22spd Bank 01,2.7000,100.0081,99.9713,99.9399,2.7110,99.9841,,,,2022-01-25,2.9753,100.0000,AAA,2025-01-25,Fixed Interest Rate,Simple interest,2.69%,1,1月25日,3.0000,3,ACT/ACT,The interest payment will be postponed on January 25 every year,3.0000,250.0000
2228008.IB,22spd Bank02,2.7182,99.9564,99.9196,99.9399,2.7110,99.9841,,,,2022-01-25,2.9753,100.0000,AAA,2025-01-25,Fixed Interest Rate,Simple interest,2.69%,1,1月25日,3.0000,3,ACT/ACT,The interest payment will be postponed on January 25 every year,3.0000,50.0000
